split,sample,on_disk,source_plan
train,sample_00800.h5,yes,plan_5033.csv
train,sample_00801.h5,yes,plan_5039.csv
train,sample_00802.h5,yes,plan_5042.csv
train,sample_00803.h5,yes,plan_5049.csv
val,sample_00200.h5,yes,plan_5058.csv
train,sample_00804.h5,yes,plan_5069.csv
train,sample_00805.h5,yes,plan_5084.csv
train,sample_00806.h5,yes,plan_5102.csv
train,sample_00807.h5,yes,plan_5107.csv
train,sample_00808.h5,yes,plan_5112.csv
train,sample_00809.h5,yes,plan_5116.csv
train,sample_00810.h5,yes,plan_5120.csv
val,sample_00201.h5,yes,plan_5124.csv
val,sample_00202.h5,yes,plan_5126.csv
train,sample_00811.h5,yes,plan_5131.csv
train,sample_00812.h5,yes,plan_5139.csv
train,sample_00813.h5,yes,plan_5142.csv
train,sample_00814.h5,yes,plan_5144.csv
train,sample_00815.h5,yes,plan_5149.csv
train,sample_00816.h5,yes,plan_5155.csv
train,sample_00817.h5,yes,plan_5159.csv
train,sample_00818.h5,yes,plan_5165.csv
train,sample_00819.h5,yes,plan_5168.csv
train,sample_00820.h5,yes,plan_5170.csv
train,sample_00821.h5,yes,plan_5171.csv
train,sample_00822.h5,yes,plan_5174.csv
train,sample_00823.h5,yes,plan_5177.csv
train,sample_00824.h5,yes,plan_5180.csv
train,sample_00825.h5,yes,plan_5181.csv
train,sample_00826.h5,yes,plan_5189.csv
train,sample_00827.h5,yes,plan_5190.csv
val,sample_00203.h5,yes,plan_5195.csv
train,sample_00828.h5,yes,plan_5196.csv
train,sample_00829.h5,yes,plan_5224.csv
train,sample_00830.h5,yes,plan_5227.csv
train,sample_00831.h5,yes,plan_5228.csv
train,sample_00832.h5,yes,plan_5229.csv
train,sample_00833.h5,yes,plan_5230.csv
train,sample_00834.h5,yes,plan_5234.csv
train,sample_00835.h5,yes,plan_5237.csv
train,sample_00836.h5,yes,plan_5245.csv
train,sample_00837.h5,yes,plan_5246.csv
val,sample_00204.h5,yes,plan_5250.csv
train,sample_00838.h5,yes,plan_5257.csv
train,sample_00839.h5,yes,plan_5258.csv
train,sample_00840.h5,yes,plan_5268.csv
val,sample_00205.h5,yes,plan_5270.csv
train,sample_00841.h5,yes,plan_5285.csv
train,sample_00842.h5,yes,plan_5286.csv
val,sample_00206.h5,yes,plan_5296.csv
val,sample_00207.h5,yes,plan_5306.csv
train,sample_00843.h5,yes,plan_5307.csv
train,sample_00844.h5,yes,plan_5309.csv
val,sample_00208.h5,yes,plan_5311.csv
train,sample_00845.h5,yes,plan_5312.csv
train,sample_00846.h5,yes,plan_5318.csv
train,sample_00847.h5,yes,plan_5322.csv
train,sample_00848.h5,yes,plan_5327.csv
train,sample_00849.h5,yes,plan_5329.csv
val,sample_00209.h5,yes,plan_5335.csv
val,sample_00210.h5,yes,plan_5336.csv
train,sample_00850.h5,yes,plan_5343.csv
train,sample_00851.h5,yes,plan_5344.csv
train,sample_00852.h5,yes,plan_5360.csv
train,sample_00853.h5,yes,plan_5367.csv
train,sample_00854.h5,yes,plan_5377.csv
train,sample_00855.h5,yes,plan_5389.csv
val,sample_00211.h5,yes,plan_5390.csv
val,sample_00212.h5,yes,plan_5392.csv
train,sample_00856.h5,yes,plan_5397.csv
val,sample_00213.h5,yes,plan_5405.csv
train,sample_00857.h5,yes,plan_5407.csv
val,sample_00214.h5,yes,plan_5408.csv
train,sample_00858.h5,yes,plan_5416.csv
train,sample_00859.h5,yes,plan_5420.csv
train,sample_00860.h5,yes,plan_5422.csv
train,sample_00861.h5,yes,plan_5431.csv
val,sample_00215.h5,yes,plan_5445.csv
train,sample_00862.h5,yes,plan_5448.csv
val,sample_00216.h5,yes,plan_5461.csv
train,sample_00863.h5,yes,plan_5462.csv
train,sample_00864.h5,yes,plan_5463.csv
val,sample_00217.h5,yes,plan_5465.csv
val,sample_00218.h5,yes,plan_5479.csv
train,sample_00865.h5,yes,plan_5486.csv
train,sample_00866.h5,yes,plan_5488.csv
train,sample_00867.h5,yes,plan_5492.csv
train,sample_00868.h5,yes,plan_5504.csv
val,sample_00219.h5,yes,plan_5506.csv
train,sample_00869.h5,yes,plan_5512.csv
val,sample_00220.h5,yes,plan_5515.csv
train,sample_00870.h5,yes,plan_5517.csv
train,sample_00871.h5,yes,plan_5518.csv
train,sample_00872.h5,yes,plan_5519.csv
train,sample_00873.h5,yes,plan_5522.csv
train,sample_00874.h5,yes,plan_5527.csv
val,sample_00221.h5,yes,plan_5528.csv
train,sample_00875.h5,yes,plan_5539.csv
train,sample_00876.h5,yes,plan_5540.csv
val,sample_00222.h5,yes,plan_5541.csv
train,sample_00877.h5,yes,plan_5542.csv
train,sample_00878.h5,yes,plan_5548.csv
train,sample_00879.h5,yes,plan_5550.csv
val,sample_00223.h5,yes,plan_5551.csv
train,sample_00880.h5,yes,plan_5558.csv
train,sample_00881.h5,yes,plan_5564.csv
train,sample_00882.h5,yes,plan_5567.csv
train,sample_00883.h5,yes,plan_5571.csv
train,sample_00884.h5,yes,plan_5572.csv
val,sample_00224.h5,yes,plan_5580.csv
train,sample_00885.h5,yes,plan_5585.csv
train,sample_00886.h5,yes,plan_5591.csv
train,sample_00887.h5,yes,plan_5593.csv
train,sample_00888.h5,yes,plan_5594.csv
train,sample_00889.h5,yes,plan_5596.csv
train,sample_00890.h5,yes,plan_5600.csv
train,sample_00891.h5,yes,plan_5603.csv
train,sample_00892.h5,yes,plan_5617.csv
train,sample_00893.h5,yes,plan_5627.csv
train,sample_00894.h5,yes,plan_5633.csv
train,sample_00895.h5,yes,plan_5641.csv
train,sample_00896.h5,yes,plan_5643.csv
train,sample_00897.h5,yes,plan_5645.csv
train,sample_00898.h5,yes,plan_5647.csv
val,sample_00225.h5,yes,plan_5655.csv
train,sample_00899.h5,yes,plan_5678.csv
train,sample_00900.h5,yes,plan_5679.csv
train,sample_00901.h5,yes,plan_5688.csv
train,sample_00902.h5,yes,plan_5689.csv
train,sample_00903.h5,yes,plan_5691.csv
val,sample_00226.h5,yes,plan_5693.csv
val,sample_00227.h5,yes,plan_5696.csv
train,sample_00904.h5,yes,plan_5700.csv
train,sample_00905.h5,yes,plan_5702.csv
train,sample_00906.h5,yes,plan_5705.csv
train,sample_00907.h5,yes,plan_5707.csv
train,sample_00908.h5,yes,plan_5708.csv
val,sample_00228.h5,yes,plan_5714.csv
train,sample_00909.h5,yes,plan_5716.csv
train,sample_00910.h5,yes,plan_5717.csv
train,sample_00911.h5,yes,plan_5724.csv
val,sample_00229.h5,yes,plan_5726.csv
train,sample_00912.h5,yes,plan_5731.csv
train,sample_00913.h5,yes,plan_5732.csv
val,sample_00230.h5,yes,plan_5734.csv
val,sample_00231.h5,yes,plan_5737.csv
train,sample_00914.h5,yes,plan_5739.csv
train,sample_00915.h5,yes,plan_5754.csv
train,sample_00916.h5,yes,plan_5763.csv
train,sample_00917.h5,yes,plan_5770.csv
train,sample_00918.h5,yes,plan_5791.csv
train,sample_00919.h5,yes,plan_5806.csv
train,sample_00920.h5,yes,plan_5810.csv
train,sample_00921.h5,yes,plan_5812.csv
train,sample_00922.h5,yes,plan_5813.csv
train,sample_00923.h5,yes,plan_5816.csv
train,sample_00924.h5,yes,plan_5818.csv
train,sample_00925.h5,yes,plan_5828.csv
train,sample_00926.h5,yes,plan_5832.csv
train,sample_00927.h5,yes,plan_5864.csv
val,sample_00232.h5,yes,plan_5883.csv
val,sample_00233.h5,yes,plan_5884.csv
train,sample_00928.h5,yes,plan_5897.csv
train,sample_00929.h5,yes,plan_5900.csv
train,sample_00930.h5,yes,plan_5901.csv
train,sample_00931.h5,yes,plan_5904.csv
train,sample_00932.h5,yes,plan_5909.csv
train,sample_00933.h5,yes,plan_5912.csv
train,sample_00934.h5,yes,plan_5914.csv
train,sample_00935.h5,yes,plan_5915.csv
train,sample_00936.h5,yes,plan_5917.csv
train,sample_00937.h5,yes,plan_5921.csv
train,sample_00938.h5,yes,plan_5922.csv
train,sample_00939.h5,yes,plan_5925.csv
train,sample_00940.h5,yes,plan_5926.csv
train,sample_00941.h5,yes,plan_5927.csv
train,sample_00942.h5,yes,plan_5928.csv
train,sample_00943.h5,yes,plan_5929.csv
train,sample_00944.h5,yes,plan_5935.csv
val,sample_00234.h5,yes,plan_5940.csv
train,sample_00945.h5,yes,plan_5941.csv
train,sample_00946.h5,yes,plan_5957.csv
train,sample_00947.h5,yes,plan_5960.csv
train,sample_00948.h5,yes,plan_5961.csv
train,sample_00949.h5,yes,plan_5969.csv
train,sample_00950.h5,yes,plan_5977.csv
train,sample_00951.h5,yes,plan_5979.csv
train,sample_00952.h5,yes,plan_5982.csv
train,sample_00953.h5,yes,plan_5999.csv
train,sample_00954.h5,yes,plan_6010.csv
train,sample_00955.h5,yes,plan_6024.csv
val,sample_00235.h5,yes,plan_6030.csv
train,sample_00956.h5,yes,plan_6031.csv
val,sample_00236.h5,yes,plan_6033.csv
train,sample_00957.h5,yes,plan_6036.csv
train,sample_00958.h5,yes,plan_6055.csv
train,sample_00959.h5,yes,plan_6057.csv
train,sample_00960.h5,yes,plan_6061.csv
val,sample_00237.h5,yes,plan_6071.csv
train,sample_00961.h5,yes,plan_6075.csv
train,sample_00962.h5,yes,plan_6076.csv
val,sample_00238.h5,yes,plan_6078.csv
val,sample_00239.h5,yes,plan_6080.csv
train,sample_00963.h5,yes,plan_6083.csv
val,sample_00240.h5,yes,plan_6089.csv
train,sample_00964.h5,yes,plan_6093.csv
train,sample_00965.h5,yes,plan_6095.csv
train,sample_00966.h5,yes,plan_6101.csv
train,sample_00967.h5,yes,plan_6112.csv
train,sample_00968.h5,yes,plan_6113.csv
train,sample_00969.h5,yes,plan_6114.csv
train,sample_00970.h5,yes,plan_6126.csv
train,sample_00971.h5,yes,plan_6132.csv
train,sample_00972.h5,yes,plan_6134.csv
train,sample_00973.h5,yes,plan_6138.csv
train,sample_00974.h5,yes,plan_6139.csv
train,sample_00975.h5,yes,plan_6158.csv
train,sample_00976.h5,yes,plan_6159.csv
train,sample_00977.h5,yes,plan_6175.csv
train,sample_00978.h5,yes,plan_6196.csv
train,sample_00979.h5,yes,plan_6206.csv
train,sample_00980.h5,yes,plan_6207.csv
val,sample_00241.h5,yes,plan_6208.csv
val,sample_00242.h5,yes,plan_6228.csv
train,sample_00981.h5,yes,plan_6234.csv
train,sample_00982.h5,yes,plan_6236.csv
train,sample_00983.h5,yes,plan_6270.csv
train,sample_00984.h5,yes,plan_6274.csv
train,sample_00985.h5,yes,plan_6281.csv
train,sample_00986.h5,yes,plan_6288.csv
val,sample_00243.h5,yes,plan_6298.csv
train,sample_00987.h5,yes,plan_6299.csv
train,sample_00988.h5,yes,plan_6302.csv
train,sample_00989.h5,yes,plan_6308.csv
train,sample_00990.h5,yes,plan_6321.csv
train,sample_00991.h5,yes,plan_6322.csv
val,sample_00244.h5,yes,plan_6327.csv
train,sample_00992.h5,yes,plan_6334.csv
train,sample_00993.h5,yes,plan_6337.csv
train,sample_00994.h5,yes,plan_6344.csv
train,sample_00995.h5,yes,plan_6345.csv
train,sample_00996.h5,yes,plan_6347.csv
train,sample_00997.h5,yes,plan_6350.csv
train,sample_00998.h5,yes,plan_6352.csv
train,sample_00999.h5,yes,plan_6356.csv
train,sample_01000.h5,yes,plan_6360.csv
train,sample_01001.h5,yes,plan_6362.csv
train,sample_01002.h5,yes,plan_6363.csv
train,sample_01003.h5,yes,plan_6365.csv
val,sample_00245.h5,yes,plan_6366.csv
train,sample_01004.h5,yes,plan_6371.csv
val,sample_00246.h5,yes,plan_6372.csv
val,sample_00247.h5,yes,plan_6374.csv
train,sample_01005.h5,yes,plan_6388.csv
train,sample_01006.h5,yes,plan_6389.csv
train,sample_01007.h5,yes,plan_6403.csv
val,sample_00248.h5,yes,plan_6404.csv
train,sample_01008.h5,yes,plan_6408.csv
train,sample_01009.h5,yes,plan_6413.csv
train,sample_01010.h5,yes,plan_6415.csv
val,sample_00249.h5,yes,plan_6424.csv
train,sample_01011.h5,yes,plan_6425.csv
train,sample_01012.h5,yes,plan_6429.csv
train,sample_01013.h5,yes,plan_6431.csv
train,sample_01014.h5,yes,plan_6432.csv
val,sample_00250.h5,yes,plan_6434.csv
train,sample_01015.h5,yes,plan_6437.csv
train,sample_01016.h5,yes,plan_6439.csv
train,sample_01017.h5,yes,plan_6441.csv
train,sample_01018.h5,yes,plan_6447.csv
train,sample_01019.h5,yes,plan_6450.csv
train,sample_01020.h5,yes,plan_6451.csv
train,sample_01021.h5,yes,plan_6452.csv
val,sample_00251.h5,yes,plan_6456.csv
train,sample_01022.h5,yes,plan_6459.csv
train,sample_01023.h5,yes,plan_6461.csv
train,sample_01024.h5,yes,plan_6472.csv
train,sample_01025.h5,yes,plan_6474.csv
train,sample_01026.h5,yes,plan_6479.csv
train,sample_01027.h5,yes,plan_6480.csv
train,sample_01028.h5,yes,plan_6482.csv
train,sample_01029.h5,yes,plan_6492.csv
train,sample_01030.h5,yes,plan_6496.csv
train,sample_01031.h5,yes,plan_6499.csv
train,sample_01032.h5,yes,plan_6504.csv
train,sample_01033.h5,yes,plan_6507.csv
train,sample_01034.h5,yes,plan_6509.csv
train,sample_01035.h5,yes,plan_6518.csv
val,sample_00252.h5,yes,plan_6521.csv
val,sample_00253.h5,yes,plan_6522.csv
train,sample_01036.h5,yes,plan_6524.csv
val,sample_00254.h5,yes,plan_6539.csv
train,sample_01037.h5,yes,plan_6540.csv
train,sample_01038.h5,yes,plan_6546.csv
train,sample_01039.h5,yes,plan_6558.csv
train,sample_01040.h5,yes,plan_6559.csv
train,sample_01041.h5,yes,plan_6577.csv
val,sample_00255.h5,yes,plan_6584.csv
train,sample_01042.h5,yes,plan_6589.csv
train,sample_01043.h5,yes,plan_6590.csv
train,sample_01044.h5,yes,plan_6592.csv
train,sample_01045.h5,yes,plan_6594.csv
train,sample_01046.h5,yes,plan_6595.csv
val,sample_00256.h5,yes,plan_6601.csv
train,sample_01047.h5,yes,plan_6606.csv
train,sample_01048.h5,yes,plan_6610.csv
train,sample_01049.h5,yes,plan_6611.csv
train,sample_01050.h5,yes,plan_6612.csv
train,sample_01051.h5,yes,plan_6619.csv
train,sample_01052.h5,yes,plan_6624.csv
train,sample_01053.h5,yes,plan_6626.csv
train,sample_01054.h5,yes,plan_6627.csv
train,sample_01055.h5,yes,plan_6629.csv
train,sample_01056.h5,yes,plan_6631.csv
train,sample_01057.h5,yes,plan_6632.csv
train,sample_01058.h5,yes,plan_6633.csv
train,sample_01059.h5,yes,plan_6636.csv
train,sample_01060.h5,yes,plan_6640.csv
val,sample_00257.h5,yes,plan_6644.csv
train,sample_01061.h5,yes,plan_6645.csv
train,sample_01062.h5,yes,plan_6652.csv
train,sample_01063.h5,yes,plan_6659.csv
train,sample_01064.h5,yes,plan_6663.csv
train,sample_01065.h5,yes,plan_6664.csv
train,sample_01066.h5,yes,plan_6666.csv
train,sample_01067.h5,yes,plan_6674.csv
train,sample_01068.h5,yes,plan_6678.csv
train,sample_01069.h5,yes,plan_6681.csv
train,sample_01070.h5,yes,plan_6693.csv
val,sample_00258.h5,yes,plan_6696.csv
train,sample_01071.h5,yes,plan_6703.csv
train,sample_01072.h5,yes,plan_6704.csv
train,sample_01073.h5,yes,plan_6710.csv
train,sample_01074.h5,yes,plan_6717.csv
train,sample_01075.h5,yes,plan_6718.csv
train,sample_01076.h5,yes,plan_6731.csv
train,sample_01077.h5,yes,plan_6734.csv
train,sample_01078.h5,yes,plan_6741.csv
train,sample_01079.h5,yes,plan_6743.csv
train,sample_01080.h5,yes,plan_6744.csv
train,sample_01081.h5,yes,plan_6747.csv
train,sample_01082.h5,yes,plan_6764.csv
train,sample_01083.h5,yes,plan_6767.csv
train,sample_01084.h5,yes,plan_6769.csv
train,sample_01085.h5,yes,plan_6770.csv
train,sample_01086.h5,yes,plan_6773.csv
val,sample_00259.h5,yes,plan_6776.csv
train,sample_01087.h5,yes,plan_6780.csv
train,sample_01088.h5,yes,plan_6781.csv
train,sample_01089.h5,yes,plan_6783.csv
val,sample_00260.h5,yes,plan_6785.csv
train,sample_01090.h5,yes,plan_6786.csv
train,sample_01091.h5,yes,plan_6788.csv
train,sample_01092.h5,yes,plan_6789.csv
train,sample_01093.h5,yes,plan_6792.csv
train,sample_01094.h5,yes,plan_6798.csv
train,sample_01095.h5,yes,plan_6799.csv
train,sample_01096.h5,yes,plan_6804.csv
train,sample_01097.h5,yes,plan_6805.csv
val,sample_00261.h5,yes,plan_6816.csv
val,sample_00262.h5,yes,plan_6817.csv
train,sample_01098.h5,yes,plan_6818.csv
train,sample_01099.h5,yes,plan_6820.csv
train,sample_01100.h5,yes,plan_6830.csv
val,sample_00263.h5,yes,plan_6831.csv
val,sample_00264.h5,yes,plan_6834.csv
train,sample_01101.h5,yes,plan_6835.csv
train,sample_01102.h5,yes,plan_6836.csv
val,sample_00265.h5,yes,plan_6838.csv
train,sample_01103.h5,yes,plan_6847.csv
train,sample_01104.h5,yes,plan_6862.csv
train,sample_01105.h5,yes,plan_6863.csv
train,sample_01106.h5,yes,plan_6866.csv
train,sample_01107.h5,yes,plan_6871.csv
train,sample_01108.h5,yes,plan_6875.csv
train,sample_01109.h5,yes,plan_6887.csv
train,sample_01110.h5,yes,plan_6895.csv
train,sample_01111.h5,yes,plan_6914.csv
train,sample_01112.h5,yes,plan_6916.csv
train,sample_01113.h5,yes,plan_6917.csv
train,sample_01114.h5,yes,plan_6925.csv
train,sample_01115.h5,yes,plan_6943.csv
train,sample_01116.h5,yes,plan_6947.csv
val,sample_00266.h5,yes,plan_6948.csv
train,sample_01117.h5,yes,plan_6952.csv
val,sample_00267.h5,yes,plan_6956.csv
train,sample_01118.h5,yes,plan_6960.csv
train,sample_01119.h5,yes,plan_6961.csv
train,sample_01120.h5,yes,plan_6964.csv
train,sample_01121.h5,yes,plan_6965.csv
train,sample_01122.h5,yes,plan_6966.csv
train,sample_01123.h5,yes,plan_6970.csv
train,sample_01124.h5,yes,plan_6971.csv
val,sample_00268.h5,yes,plan_6973.csv
train,sample_01125.h5,yes,plan_6975.csv
val,sample_00269.h5,yes,plan_6983.csv
train,sample_01126.h5,yes,plan_6985.csv
val,sample_00270.h5,yes,plan_6986.csv
train,sample_01127.h5,yes,plan_6995.csv
train,sample_01128.h5,yes,plan_6999.csv
val,sample_00271.h5,yes,plan_7000.csv
train,sample_01129.h5,yes,plan_7001.csv
train,sample_01130.h5,yes,plan_7004.csv
train,sample_01131.h5,yes,plan_7012.csv
train,sample_01132.h5,yes,plan_7028.csv
train,sample_01133.h5,yes,plan_7033.csv
val,sample_00272.h5,yes,plan_7036.csv
train,sample_01134.h5,yes,plan_7042.csv
train,sample_01135.h5,yes,plan_7053.csv
val,sample_00273.h5,yes,plan_7057.csv
train,sample_01136.h5,yes,plan_7058.csv
train,sample_01137.h5,yes,plan_7060.csv
train,sample_01138.h5,yes,plan_7063.csv
val,sample_00274.h5,yes,plan_7075.csv
train,sample_01139.h5,yes,plan_7082.csv
val,sample_00275.h5,yes,plan_7085.csv
train,sample_01140.h5,yes,plan_7087.csv
train,sample_01141.h5,yes,plan_7090.csv
train,sample_01142.h5,yes,plan_7094.csv
train,sample_01143.h5,yes,plan_7099.csv
train,sample_01144.h5,yes,plan_7103.csv
train,sample_01145.h5,yes,plan_7121.csv
val,sample_00276.h5,yes,plan_7126.csv
val,sample_00277.h5,yes,plan_7135.csv
train,sample_01146.h5,yes,plan_7146.csv
train,sample_01147.h5,yes,plan_7150.csv
train,sample_01148.h5,yes,plan_7152.csv
train,sample_01149.h5,yes,plan_7158.csv
train,sample_01150.h5,yes,plan_7166.csv
val,sample_00278.h5,yes,plan_7176.csv
train,sample_01151.h5,yes,plan_7186.csv
train,sample_01152.h5,yes,plan_7187.csv
train,sample_01153.h5,yes,plan_7196.csv
train,sample_01154.h5,yes,plan_7200.csv
train,sample_01155.h5,yes,plan_7206.csv
train,sample_01156.h5,yes,plan_7209.csv
val,sample_00279.h5,yes,plan_7211.csv
train,sample_01157.h5,yes,plan_7214.csv
train,sample_01158.h5,yes,plan_7217.csv
train,sample_01159.h5,yes,plan_7218.csv
train,sample_01160.h5,yes,plan_7222.csv
train,sample_01161.h5,yes,plan_7227.csv
train,sample_01162.h5,yes,plan_7238.csv
val,sample_00280.h5,yes,plan_7242.csv
val,sample_00281.h5,yes,plan_7248.csv
val,sample_00282.h5,yes,plan_7256.csv
val,sample_00283.h5,yes,plan_7259.csv
train,sample_01163.h5,yes,plan_7262.csv
train,sample_01164.h5,yes,plan_7265.csv
train,sample_01165.h5,yes,plan_7267.csv
train,sample_01166.h5,yes,plan_7272.csv
train,sample_01167.h5,yes,plan_7275.csv
train,sample_01168.h5,yes,plan_7276.csv
train,sample_01169.h5,yes,plan_7278.csv
train,sample_01170.h5,yes,plan_7281.csv
train,sample_01171.h5,yes,plan_7284.csv
train,sample_01172.h5,yes,plan_7290.csv
train,sample_01173.h5,yes,plan_7291.csv
val,sample_00284.h5,yes,plan_7296.csv
train,sample_01174.h5,yes,plan_7298.csv
train,sample_01175.h5,yes,plan_7302.csv
val,sample_00285.h5,yes,plan_7304.csv
train,sample_01176.h5,yes,plan_7309.csv
train,sample_01177.h5,yes,plan_7313.csv
val,sample_00286.h5,yes,plan_7320.csv
train,sample_01178.h5,yes,plan_7328.csv
train,sample_01179.h5,yes,plan_7329.csv
train,sample_01180.h5,yes,plan_7334.csv
train,sample_01181.h5,yes,plan_7337.csv
train,sample_01182.h5,yes,plan_7339.csv
val,sample_00287.h5,yes,plan_7342.csv
val,sample_00288.h5,yes,plan_7343.csv
train,sample_01183.h5,yes,plan_7345.csv
val,sample_00289.h5,yes,plan_7349.csv
val,sample_00290.h5,yes,plan_7353.csv
train,sample_01184.h5,yes,plan_7358.csv
train,sample_01185.h5,yes,plan_7365.csv
val,sample_00291.h5,yes,plan_7366.csv
train,sample_01186.h5,yes,plan_7367.csv
train,sample_01187.h5,yes,plan_7370.csv
train,sample_01188.h5,yes,plan_7386.csv
train,sample_01189.h5,yes,plan_7388.csv
train,sample_01190.h5,yes,plan_7390.csv
train,sample_01191.h5,yes,plan_7393.csv
train,sample_01192.h5,yes,plan_7395.csv
train,sample_01193.h5,yes,plan_7399.csv
train,sample_01194.h5,yes,plan_7406.csv
train,sample_01195.h5,yes,plan_7414.csv
train,sample_01196.h5,yes,plan_7425.csv
val,sample_00292.h5,yes,plan_7430.csv
train,sample_01197.h5,yes,plan_7431.csv
train,sample_01198.h5,yes,plan_7432.csv
train,sample_01199.h5,yes,plan_7434.csv
train,sample_01200.h5,yes,plan_7438.csv
train,sample_01201.h5,yes,plan_7439.csv
train,sample_01202.h5,yes,plan_7440.csv
train,sample_01203.h5,yes,plan_7450.csv
train,sample_01204.h5,yes,plan_7453.csv
train,sample_01205.h5,yes,plan_7460.csv
train,sample_01206.h5,yes,plan_7487.csv
train,sample_01207.h5,yes,plan_7492.csv
train,sample_01208.h5,yes,plan_7497.csv
train,sample_01209.h5,yes,plan_7499.csv
train,sample_01210.h5,yes,plan_7500.csv
train,sample_01211.h5,yes,plan_7504.csv
train,sample_01212.h5,yes,plan_7508.csv
val,sample_00293.h5,yes,plan_7516.csv
train,sample_01213.h5,yes,plan_7525.csv
train,sample_01214.h5,yes,plan_7526.csv
train,sample_01215.h5,yes,plan_7534.csv
train,sample_01216.h5,yes,plan_7548.csv
train,sample_01217.h5,yes,plan_7550.csv
train,sample_01218.h5,yes,plan_7556.csv
val,sample_00294.h5,yes,plan_7557.csv
train,sample_01219.h5,yes,plan_7561.csv
val,sample_00295.h5,yes,plan_7564.csv
val,sample_00296.h5,yes,plan_7572.csv
train,sample_01220.h5,yes,plan_7573.csv
train,sample_01221.h5,yes,plan_7574.csv
val,sample_00297.h5,yes,plan_7576.csv
val,sample_00298.h5,yes,plan_7578.csv
train,sample_01222.h5,yes,plan_7579.csv
train,sample_01223.h5,yes,plan_7582.csv
train,sample_01224.h5,yes,plan_7586.csv
train,sample_01225.h5,yes,plan_7595.csv
train,sample_01226.h5,yes,plan_7604.csv
train,sample_01227.h5,yes,plan_7606.csv
train,sample_01228.h5,yes,plan_7607.csv
val,sample_00299.h5,yes,plan_7609.csv
train,sample_01229.h5,yes,plan_7612.csv
train,sample_01230.h5,yes,plan_7615.csv
train,sample_01231.h5,yes,plan_7617.csv
train,sample_01232.h5,yes,plan_7618.csv
train,sample_01233.h5,yes,plan_7624.csv
train,sample_01234.h5,yes,plan_7629.csv
val,sample_00300.h5,yes,plan_7633.csv
train,sample_01235.h5,yes,plan_7638.csv
train,sample_01236.h5,yes,plan_7668.csv
train,sample_01237.h5,yes,plan_7670.csv
train,sample_01238.h5,yes,plan_7672.csv
train,sample_01239.h5,yes,plan_7691.csv
train,sample_01240.h5,yes,plan_7692.csv
train,sample_01241.h5,yes,plan_7693.csv
train,sample_01242.h5,yes,plan_7695.csv
val,sample_00301.h5,yes,plan_7699.csv
val,sample_00302.h5,yes,plan_7703.csv
train,sample_01243.h5,yes,plan_7705.csv
train,sample_01244.h5,yes,plan_7706.csv
train,sample_01245.h5,yes,plan_7710.csv
train,sample_01246.h5,yes,plan_7721.csv
train,sample_01247.h5,yes,plan_7726.csv
val,sample_00303.h5,yes,plan_7732.csv
train,sample_01248.h5,yes,plan_7738.csv
train,sample_01249.h5,yes,plan_7741.csv
train,sample_01250.h5,yes,plan_7745.csv
train,sample_01251.h5,yes,plan_7750.csv
train,sample_01252.h5,yes,plan_7753.csv
val,sample_00304.h5,yes,plan_7754.csv
train,sample_01253.h5,yes,plan_7757.csv
val,sample_00305.h5,yes,plan_7771.csv
train,sample_01254.h5,yes,plan_7774.csv
train,sample_01255.h5,yes,plan_7777.csv
val,sample_00306.h5,yes,plan_7782.csv
train,sample_01256.h5,yes,plan_7784.csv
train,sample_01257.h5,yes,plan_7794.csv
train,sample_01258.h5,yes,plan_7802.csv
train,sample_01259.h5,yes,plan_7803.csv
train,sample_01260.h5,yes,plan_7806.csv
train,sample_01261.h5,yes,plan_7808.csv
train,sample_01262.h5,yes,plan_7818.csv
val,sample_00307.h5,yes,plan_7821.csv
train,sample_01263.h5,yes,plan_7826.csv
train,sample_01264.h5,yes,plan_7839.csv
train,sample_01265.h5,yes,plan_7844.csv
train,sample_01266.h5,yes,plan_7846.csv
val,sample_00308.h5,yes,plan_7850.csv
val,sample_00309.h5,yes,plan_7852.csv
val,sample_00310.h5,yes,plan_7853.csv
train,sample_01267.h5,yes,plan_7854.csv
val,sample_00311.h5,yes,plan_7855.csv
train,sample_01268.h5,yes,plan_7864.csv
val,sample_00312.h5,yes,plan_7876.csv
train,sample_01269.h5,yes,plan_7882.csv
train,sample_01270.h5,yes,plan_7887.csv
val,sample_00313.h5,yes,plan_7894.csv
train,sample_01271.h5,yes,plan_7899.csv
train,sample_01272.h5,yes,plan_7905.csv
train,sample_01273.h5,yes,plan_7908.csv
train,sample_01274.h5,yes,plan_7909.csv
train,sample_01275.h5,yes,plan_7913.csv
val,sample_00314.h5,yes,plan_7914.csv
val,sample_00315.h5,yes,plan_7918.csv
train,sample_01276.h5,yes,plan_7921.csv
val,sample_00316.h5,yes,plan_7926.csv
train,sample_01277.h5,yes,plan_7931.csv
train,sample_01278.h5,yes,plan_7932.csv
train,sample_01279.h5,yes,plan_7937.csv
train,sample_01280.h5,yes,plan_7944.csv
train,sample_01281.h5,yes,plan_7946.csv
train,sample_01282.h5,yes,plan_7947.csv
train,sample_01283.h5,yes,plan_7950.csv
train,sample_01284.h5,yes,plan_7963.csv
train,sample_01285.h5,yes,plan_7966.csv
train,sample_01286.h5,yes,plan_7980.csv
train,sample_01287.h5,yes,plan_7981.csv
train,sample_01288.h5,yes,plan_7982.csv
train,sample_01289.h5,yes,plan_7988.csv
train,sample_01290.h5,yes,plan_7993.csv
train,sample_01291.h5,yes,plan_7995.csv
train,sample_01292.h5,yes,plan_8006.csv
val,sample_00317.h5,yes,plan_8011.csv
train,sample_01293.h5,yes,plan_8013.csv
val,sample_00318.h5,yes,plan_8015.csv
train,sample_01294.h5,yes,plan_8024.csv
val,sample_00319.h5,yes,plan_8026.csv
train,sample_01295.h5,yes,plan_8035.csv
train,sample_01296.h5,yes,plan_8036.csv
train,sample_01297.h5,yes,plan_8037.csv
train,sample_01298.h5,yes,plan_8042.csv
train,sample_01299.h5,yes,plan_8047.csv
train,sample_01300.h5,yes,plan_8052.csv
train,sample_01301.h5,yes,plan_8061.csv
val,sample_00320.h5,yes,plan_8062.csv
train,sample_01302.h5,yes,plan_8065.csv
train,sample_01303.h5,yes,plan_8067.csv
val,sample_00321.h5,yes,plan_8068.csv
train,sample_01304.h5,yes,plan_8075.csv
train,sample_01305.h5,yes,plan_8082.csv
train,sample_01306.h5,yes,plan_8086.csv
train,sample_01307.h5,yes,plan_8097.csv
train,sample_01308.h5,yes,plan_8098.csv
train,sample_01309.h5,yes,plan_8102.csv
train,sample_01310.h5,yes,plan_8106.csv
train,sample_01311.h5,yes,plan_8108.csv
train,sample_01312.h5,yes,plan_8112.csv
train,sample_01313.h5,yes,plan_8116.csv
train,sample_01314.h5,yes,plan_8120.csv
val,sample_00322.h5,yes,plan_8135.csv
train,sample_01315.h5,yes,plan_8137.csv
train,sample_01316.h5,yes,plan_8143.csv
train,sample_01317.h5,yes,plan_8146.csv
train,sample_01318.h5,yes,plan_8151.csv
val,sample_00323.h5,yes,plan_8154.csv
train,sample_01319.h5,yes,plan_8157.csv
train,sample_01320.h5,yes,plan_8160.csv
val,sample_00324.h5,yes,plan_8162.csv
train,sample_01321.h5,yes,plan_8164.csv
train,sample_01322.h5,yes,plan_8165.csv
val,sample_00325.h5,yes,plan_8166.csv
val,sample_00326.h5,yes,plan_8167.csv
train,sample_01323.h5,yes,plan_8168.csv
train,sample_01324.h5,yes,plan_8177.csv
val,sample_00327.h5,yes,plan_8178.csv
train,sample_01325.h5,yes,plan_8181.csv
val,sample_00328.h5,yes,plan_8184.csv
train,sample_01326.h5,yes,plan_8189.csv
train,sample_01327.h5,yes,plan_8194.csv
val,sample_00329.h5,yes,plan_8200.csv
train,sample_01328.h5,yes,plan_8201.csv
train,sample_01329.h5,yes,plan_8203.csv
train,sample_01330.h5,yes,plan_8204.csv
train,sample_01331.h5,yes,plan_8207.csv
train,sample_01332.h5,yes,plan_8215.csv
train,sample_01333.h5,yes,plan_8224.csv
train,sample_01334.h5,yes,plan_8228.csv
val,sample_00330.h5,yes,plan_8236.csv
train,sample_01335.h5,yes,plan_8242.csv
train,sample_01336.h5,yes,plan_8248.csv
train,sample_01337.h5,yes,plan_8258.csv
train,sample_01338.h5,yes,plan_8265.csv
train,sample_01339.h5,yes,plan_8287.csv
val,sample_00331.h5,yes,plan_8297.csv
train,sample_01340.h5,yes,plan_8302.csv
train,sample_01341.h5,yes,plan_8304.csv
train,sample_01342.h5,yes,plan_8306.csv
train,sample_01343.h5,yes,plan_8308.csv
train,sample_01344.h5,yes,plan_8310.csv
train,sample_01345.h5,yes,plan_8315.csv
train,sample_01346.h5,yes,plan_8319.csv
train,sample_01347.h5,yes,plan_8322.csv
train,sample_01348.h5,yes,plan_8329.csv
val,sample_00332.h5,yes,plan_8330.csv
train,sample_01349.h5,yes,plan_8333.csv
train,sample_01350.h5,yes,plan_8335.csv
train,sample_01351.h5,yes,plan_8337.csv
train,sample_01352.h5,yes,plan_8339.csv
train,sample_01353.h5,yes,plan_8345.csv
val,sample_00333.h5,yes,plan_8349.csv
train,sample_01354.h5,yes,plan_8350.csv
val,sample_00334.h5,yes,plan_8352.csv
train,sample_01355.h5,yes,plan_8356.csv
train,sample_01356.h5,yes,plan_8360.csv
train,sample_01357.h5,yes,plan_8361.csv
train,sample_01358.h5,yes,plan_8362.csv
train,sample_01359.h5,yes,plan_8364.csv
val,sample_00335.h5,yes,plan_8367.csv
train,sample_01360.h5,yes,plan_8382.csv
train,sample_01361.h5,yes,plan_8386.csv
train,sample_01362.h5,yes,plan_8387.csv
train,sample_01363.h5,yes,plan_8389.csv
train,sample_01364.h5,yes,plan_8390.csv
train,sample_01365.h5,yes,plan_8397.csv
val,sample_00336.h5,yes,plan_8402.csv
train,sample_01366.h5,yes,plan_8404.csv
train,sample_01367.h5,yes,plan_8411.csv
train,sample_01368.h5,yes,plan_8413.csv
train,sample_01369.h5,yes,plan_8414.csv
train,sample_01370.h5,yes,plan_8415.csv
train,sample_01371.h5,yes,plan_8418.csv
train,sample_01372.h5,yes,plan_8420.csv
train,sample_01373.h5,yes,plan_8422.csv
val,sample_00337.h5,yes,plan_8426.csv
train,sample_01374.h5,yes,plan_8427.csv
train,sample_01375.h5,yes,plan_8433.csv
train,sample_01376.h5,yes,plan_8444.csv
train,sample_01377.h5,yes,plan_8448.csv
train,sample_01378.h5,yes,plan_8449.csv
train,sample_01379.h5,yes,plan_8450.csv
train,sample_01380.h5,yes,plan_8455.csv
val,sample_00338.h5,yes,plan_8458.csv
train,sample_01381.h5,yes,plan_8460.csv
train,sample_01382.h5,yes,plan_8461.csv
val,sample_00339.h5,yes,plan_8462.csv
train,sample_01383.h5,yes,plan_8463.csv
train,sample_01384.h5,yes,plan_8470.csv
train,sample_01385.h5,yes,plan_8471.csv
train,sample_01386.h5,yes,plan_8474.csv
train,sample_01387.h5,yes,plan_8487.csv
val,sample_00340.h5,yes,plan_8491.csv
train,sample_01388.h5,yes,plan_8494.csv
train,sample_01389.h5,yes,plan_8500.csv
train,sample_01390.h5,yes,plan_8508.csv
train,sample_01391.h5,yes,plan_8517.csv
train,sample_01392.h5,yes,plan_8520.csv
val,sample_00341.h5,yes,plan_8523.csv
train,sample_01393.h5,yes,plan_8529.csv
train,sample_01394.h5,yes,plan_8542.csv
train,sample_01395.h5,yes,plan_8558.csv
train,sample_01396.h5,yes,plan_8560.csv
train,sample_01397.h5,yes,plan_8562.csv
train,sample_01398.h5,yes,plan_8565.csv
train,sample_01399.h5,yes,plan_8568.csv
train,sample_01400.h5,yes,plan_8569.csv
train,sample_01401.h5,yes,plan_8575.csv
train,sample_01402.h5,yes,plan_8583.csv
train,sample_01403.h5,yes,plan_8594.csv
train,sample_01404.h5,yes,plan_8597.csv
train,sample_01405.h5,yes,plan_8604.csv
train,sample_01406.h5,yes,plan_8605.csv
val,sample_00342.h5,yes,plan_8606.csv
train,sample_01407.h5,yes,plan_8613.csv
val,sample_00343.h5,yes,plan_8621.csv
train,sample_01408.h5,yes,plan_8623.csv
val,sample_00344.h5,yes,plan_8626.csv
train,sample_01409.h5,yes,plan_8627.csv
train,sample_01410.h5,yes,plan_8628.csv
val,sample_00345.h5,yes,plan_8629.csv
train,sample_01411.h5,yes,plan_8630.csv
val,sample_00346.h5,yes,plan_8631.csv
train,sample_01412.h5,yes,plan_8642.csv
train,sample_01413.h5,yes,plan_8644.csv
train,sample_01414.h5,yes,plan_8654.csv
train,sample_01415.h5,yes,plan_8663.csv
val,sample_00347.h5,yes,plan_8666.csv
train,sample_01416.h5,yes,plan_8667.csv
train,sample_01417.h5,yes,plan_8671.csv
val,sample_00348.h5,yes,plan_8682.csv
val,sample_00349.h5,yes,plan_8685.csv
train,sample_01418.h5,yes,plan_8686.csv
train,sample_01419.h5,yes,plan_8688.csv
train,sample_01420.h5,yes,plan_8690.csv
train,sample_01421.h5,yes,plan_8698.csv
train,sample_01422.h5,yes,plan_8700.csv
train,sample_01423.h5,yes,plan_8702.csv
train,sample_01424.h5,yes,plan_8703.csv
train,sample_01425.h5,yes,plan_8707.csv
val,sample_00350.h5,yes,plan_8715.csv
train,sample_01426.h5,yes,plan_8718.csv
train,sample_01427.h5,yes,plan_8723.csv
train,sample_01428.h5,yes,plan_8730.csv
train,sample_01429.h5,yes,plan_8732.csv
train,sample_01430.h5,yes,plan_8735.csv
train,sample_01431.h5,yes,plan_8740.csv
train,sample_01432.h5,yes,plan_8747.csv
train,sample_01433.h5,yes,plan_8750.csv
val,sample_00351.h5,yes,plan_8754.csv
train,sample_01434.h5,yes,plan_8759.csv
train,sample_01435.h5,yes,plan_8761.csv
train,sample_01436.h5,yes,plan_8763.csv
val,sample_00352.h5,yes,plan_8765.csv
val,sample_00353.h5,yes,plan_8767.csv
train,sample_01437.h5,yes,plan_8769.csv
val,sample_00354.h5,yes,plan_8772.csv
train,sample_01438.h5,yes,plan_8779.csv
train,sample_01439.h5,yes,plan_8783.csv
train,sample_01440.h5,yes,plan_8784.csv
train,sample_01441.h5,yes,plan_8785.csv
train,sample_01442.h5,yes,plan_8793.csv
val,sample_00355.h5,yes,plan_8798.csv
val,sample_00356.h5,yes,plan_8802.csv
train,sample_01443.h5,yes,plan_8807.csv
val,sample_00357.h5,yes,plan_8808.csv
train,sample_01444.h5,yes,plan_8814.csv
train,sample_01445.h5,yes,plan_8817.csv
val,sample_00358.h5,yes,plan_8828.csv
val,sample_00359.h5,yes,plan_8829.csv
train,sample_01446.h5,yes,plan_8847.csv
train,sample_01447.h5,yes,plan_8851.csv
train,sample_01448.h5,yes,plan_8852.csv
train,sample_01449.h5,yes,plan_8858.csv
train,sample_01450.h5,yes,plan_8865.csv
train,sample_01451.h5,yes,plan_8866.csv
train,sample_01452.h5,yes,plan_8869.csv
train,sample_01453.h5,yes,plan_8877.csv
train,sample_01454.h5,yes,plan_8880.csv
train,sample_01455.h5,yes,plan_8882.csv
train,sample_01456.h5,yes,plan_8885.csv
train,sample_01457.h5,yes,plan_8887.csv
val,sample_00360.h5,yes,plan_8899.csv
val,sample_00361.h5,yes,plan_8906.csv
train,sample_01458.h5,yes,plan_8907.csv
train,sample_01459.h5,yes,plan_8908.csv
train,sample_01460.h5,yes,plan_8910.csv
train,sample_01461.h5,yes,plan_8928.csv
train,sample_01462.h5,yes,plan_8932.csv
train,sample_01463.h5,yes,plan_8933.csv
train,sample_01464.h5,yes,plan_8934.csv
train,sample_01465.h5,yes,plan_8936.csv
train,sample_01466.h5,yes,plan_8948.csv
val,sample_00362.h5,yes,plan_8949.csv
train,sample_01467.h5,yes,plan_8952.csv
train,sample_01468.h5,yes,plan_8953.csv
train,sample_01469.h5,yes,plan_8960.csv
train,sample_01470.h5,yes,plan_8965.csv
train,sample_01471.h5,yes,plan_8974.csv
train,sample_01472.h5,yes,plan_8975.csv
train,sample_01473.h5,yes,plan_8984.csv
train,sample_01474.h5,yes,plan_8990.csv
val,sample_00363.h5,yes,plan_8994.csv
train,sample_01475.h5,yes,plan_8996.csv
train,sample_01476.h5,yes,plan_8999.csv
train,sample_01477.h5,yes,plan_9005.csv
train,sample_01478.h5,yes,plan_9018.csv
val,sample_00364.h5,yes,plan_9022.csv
train,sample_01479.h5,yes,plan_9025.csv
train,sample_01480.h5,yes,plan_9030.csv
train,sample_01481.h5,yes,plan_9034.csv
val,sample_00365.h5,yes,plan_9038.csv
train,sample_01482.h5,yes,plan_9051.csv
train,sample_01483.h5,yes,plan_9058.csv
train,sample_01484.h5,yes,plan_9063.csv
train,sample_01485.h5,yes,plan_9068.csv
train,sample_01486.h5,yes,plan_9071.csv
train,sample_01487.h5,yes,plan_9089.csv
train,sample_01488.h5,yes,plan_9095.csv
train,sample_01489.h5,yes,plan_9097.csv
train,sample_01490.h5,yes,plan_9098.csv
train,sample_01491.h5,yes,plan_9100.csv
train,sample_01492.h5,yes,plan_9102.csv
train,sample_01493.h5,yes,plan_9104.csv
val,sample_00366.h5,yes,plan_9108.csv
val,sample_00367.h5,yes,plan_9109.csv
train,sample_01494.h5,yes,plan_9111.csv
train,sample_01495.h5,yes,plan_9115.csv
train,sample_01496.h5,yes,plan_9122.csv
train,sample_01497.h5,yes,plan_9125.csv
train,sample_01498.h5,yes,plan_9127.csv
train,sample_01499.h5,yes,plan_9130.csv
train,sample_01500.h5,yes,plan_9135.csv
train,sample_01501.h5,yes,plan_9143.csv
train,sample_01502.h5,yes,plan_9144.csv
train,sample_01503.h5,yes,plan_9148.csv
val,sample_00368.h5,yes,plan_9151.csv
train,sample_01504.h5,yes,plan_9153.csv
train,sample_01505.h5,yes,plan_9157.csv
train,sample_01506.h5,yes,plan_9161.csv
train,sample_01507.h5,yes,plan_9166.csv
train,sample_01508.h5,yes,plan_9168.csv
val,sample_00369.h5,yes,plan_9176.csv
train,sample_01509.h5,yes,plan_9177.csv
train,sample_01510.h5,yes,plan_9182.csv
train,sample_01511.h5,yes,plan_9185.csv
val,sample_00370.h5,yes,plan_9188.csv
train,sample_01512.h5,yes,plan_9189.csv
val,sample_00371.h5,yes,plan_9204.csv
val,sample_00372.h5,yes,plan_9215.csv
train,sample_01513.h5,yes,plan_9217.csv
train,sample_01514.h5,yes,plan_9222.csv
val,sample_00373.h5,yes,plan_9226.csv
train,sample_01515.h5,yes,plan_9227.csv
val,sample_00374.h5,yes,plan_9228.csv
train,sample_01516.h5,yes,plan_9230.csv
train,sample_01517.h5,yes,plan_9234.csv
train,sample_01518.h5,yes,plan_9242.csv
train,sample_01519.h5,yes,plan_9244.csv
train,sample_01520.h5,yes,plan_9250.csv
train,sample_01521.h5,yes,plan_9251.csv
val,sample_00375.h5,yes,plan_9256.csv
val,sample_00376.h5,yes,plan_9263.csv
train,sample_01522.h5,yes,plan_9270.csv
train,sample_01523.h5,yes,plan_9272.csv
train,sample_01524.h5,yes,plan_9273.csv
val,sample_00377.h5,yes,plan_9277.csv
val,sample_00378.h5,yes,plan_9278.csv
train,sample_01525.h5,yes,plan_9280.csv
train,sample_01526.h5,yes,plan_9289.csv
train,sample_01527.h5,yes,plan_9301.csv
train,sample_01528.h5,yes,plan_9310.csv
train,sample_01529.h5,yes,plan_9312.csv
train,sample_01530.h5,yes,plan_9315.csv
train,sample_01531.h5,yes,plan_9320.csv
train,sample_01532.h5,yes,plan_9330.csv
train,sample_01533.h5,yes,plan_9338.csv
val,sample_00379.h5,yes,plan_9341.csv
train,sample_01534.h5,yes,plan_9344.csv
train,sample_01535.h5,yes,plan_9346.csv
train,sample_01536.h5,yes,plan_9351.csv
val,sample_00380.h5,yes,plan_9358.csv
val,sample_00381.h5,yes,plan_9359.csv
train,sample_01537.h5,yes,plan_9360.csv
train,sample_01538.h5,yes,plan_9365.csv
train,sample_01539.h5,yes,plan_9366.csv
val,sample_00382.h5,yes,plan_9368.csv
train,sample_01540.h5,yes,plan_9371.csv
train,sample_01541.h5,yes,plan_9380.csv
train,sample_01542.h5,yes,plan_9381.csv
train,sample_01543.h5,yes,plan_9383.csv
val,sample_00383.h5,yes,plan_9384.csv
train,sample_01544.h5,yes,plan_9389.csv
train,sample_01545.h5,yes,plan_9391.csv
train,sample_01546.h5,yes,plan_9411.csv
train,sample_01547.h5,yes,plan_9417.csv
train,sample_01548.h5,yes,plan_9426.csv
val,sample_00384.h5,yes,plan_9430.csv
train,sample_01549.h5,yes,plan_9438.csv
train,sample_01550.h5,yes,plan_9443.csv
train,sample_01551.h5,yes,plan_9444.csv
train,sample_01552.h5,yes,plan_9449.csv
val,sample_00385.h5,yes,plan_9451.csv
train,sample_01553.h5,yes,plan_9456.csv
train,sample_01554.h5,yes,plan_9459.csv
train,sample_01555.h5,yes,plan_9460.csv
val,sample_00386.h5,yes,plan_9463.csv
train,sample_01556.h5,yes,plan_9465.csv
train,sample_01557.h5,yes,plan_9470.csv
val,sample_00387.h5,yes,plan_9474.csv
train,sample_01558.h5,yes,plan_9476.csv
train,sample_01559.h5,yes,plan_9478.csv
train,sample_01560.h5,yes,plan_9487.csv
train,sample_01561.h5,yes,plan_9492.csv
train,sample_01562.h5,yes,plan_9495.csv
train,sample_01563.h5,yes,plan_9503.csv
train,sample_01564.h5,yes,plan_9513.csv
val,sample_00388.h5,yes,plan_9518.csv
train,sample_01565.h5,yes,plan_9521.csv
train,sample_01566.h5,yes,plan_9522.csv
val,sample_00389.h5,yes,plan_9523.csv
val,sample_00390.h5,yes,plan_9527.csv
train,sample_01567.h5,yes,plan_9533.csv
train,sample_01568.h5,yes,plan_9546.csv
val,sample_00391.h5,yes,plan_9556.csv
train,sample_01569.h5,yes,plan_9557.csv
train,sample_01570.h5,yes,plan_9558.csv
train,sample_01571.h5,yes,plan_9562.csv
train,sample_01572.h5,yes,plan_9573.csv
train,sample_01573.h5,yes,plan_9576.csv
val,sample_00392.h5,yes,plan_9579.csv
train,sample_01574.h5,yes,plan_9582.csv
train,sample_01575.h5,yes,plan_9585.csv
train,sample_01576.h5,yes,plan_9592.csv
train,sample_01577.h5,yes,plan_9594.csv
train,sample_01578.h5,yes,plan_9595.csv
train,sample_01579.h5,yes,plan_9614.csv
train,sample_01580.h5,yes,plan_9617.csv
train,sample_01581.h5,yes,plan_9622.csv
train,sample_01582.h5,yes,plan_9638.csv
train,sample_01583.h5,yes,plan_9645.csv
val,sample_00393.h5,yes,plan_9649.csv
train,sample_01584.h5,yes,plan_9653.csv
train,sample_01585.h5,yes,plan_9654.csv
train,sample_01586.h5,yes,plan_9656.csv
train,sample_01587.h5,yes,plan_9663.csv
train,sample_01588.h5,yes,plan_9670.csv
train,sample_01589.h5,yes,plan_9671.csv
train,sample_01590.h5,yes,plan_9676.csv
train,sample_01591.h5,yes,plan_9692.csv
train,sample_01592.h5,yes,plan_9696.csv
train,sample_01593.h5,yes,plan_9701.csv
train,sample_01594.h5,yes,plan_9702.csv
train,sample_01595.h5,yes,plan_9704.csv
val,sample_00394.h5,yes,plan_9711.csv
train,sample_01596.h5,yes,plan_9725.csv
train,sample_01597.h5,yes,plan_9735.csv
train,sample_01598.h5,yes,plan_9739.csv
val,sample_00395.h5,yes,plan_9742.csv
train,sample_01599.h5,yes,plan_9745.csv
train,sample_01600.h5,yes,plan_9746.csv
train,sample_01601.h5,yes,plan_9747.csv
val,sample_00396.h5,yes,plan_9753.csv
train,sample_01602.h5,yes,plan_9756.csv
train,sample_01603.h5,yes,plan_9761.csv
train,sample_01604.h5,yes,plan_9768.csv
train,sample_01605.h5,yes,plan_9776.csv
train,sample_01606.h5,yes,plan_9786.csv
val,sample_00397.h5,yes,plan_9789.csv
train,sample_01607.h5,yes,plan_9790.csv
val,sample_00398.h5,yes,plan_9791.csv
train,sample_01608.h5,yes,plan_9796.csv
train,sample_01609.h5,yes,plan_9801.csv
train,sample_01610.h5,yes,plan_9808.csv
train,sample_01611.h5,yes,plan_9809.csv
val,sample_00399.h5,yes,plan_9812.csv
train,sample_01612.h5,yes,plan_9824.csv
val,sample_00400.h5,yes,plan_9830.csv
train,sample_01613.h5,yes,plan_9838.csv
train,sample_01614.h5,yes,plan_9839.csv
train,sample_01615.h5,yes,plan_9840.csv
train,sample_01616.h5,yes,plan_9842.csv
train,sample_01617.h5,yes,plan_9853.csv
train,sample_01618.h5,yes,plan_9861.csv
train,sample_01619.h5,yes,plan_9873.csv
train,sample_01620.h5,yes,plan_9875.csv
train,sample_01621.h5,yes,plan_9879.csv
train,sample_01622.h5,yes,plan_9881.csv
train,sample_01623.h5,yes,plan_9890.csv
train,sample_01624.h5,yes,plan_9892.csv
train,sample_01625.h5,yes,plan_9896.csv
train,sample_01626.h5,yes,plan_9905.csv
train,sample_01627.h5,yes,plan_9909.csv
train,sample_01628.h5,yes,plan_9912.csv
train,sample_01629.h5,yes,plan_9919.csv
train,sample_01630.h5,yes,plan_9920.csv
train,sample_01631.h5,yes,plan_9921.csv
train,sample_01632.h5,yes,plan_9922.csv
train,sample_01633.h5,yes,plan_9932.csv
train,sample_01634.h5,yes,plan_9934.csv
val,sample_00401.h5,yes,plan_9937.csv
train,sample_01635.h5,yes,plan_9941.csv
train,sample_01636.h5,yes,plan_9947.csv
train,sample_01637.h5,yes,plan_9948.csv
train,sample_01638.h5,yes,plan_9949.csv
train,sample_01639.h5,yes,plan_9953.csv
train,sample_01640.h5,yes,plan_9962.csv
train,sample_01641.h5,yes,plan_9965.csv
val,sample_00402.h5,yes,plan_9976.csv
train,sample_01642.h5,yes,plan_9977.csv
train,sample_01643.h5,yes,plan_9978.csv
val,sample_00403.h5,yes,plan_9981.csv
val,sample_00404.h5,yes,plan_9982.csv
train,sample_01644.h5,yes,plan_9993.csv
train,sample_01645.h5,yes,plan_9994.csv
train,sample_01646.h5,yes,plan_9998.csv
val,sample_00405.h5,yes,plan_10021.csv
train,sample_01647.h5,yes,plan_10024.csv
train,sample_01648.h5,yes,plan_10026.csv
train,sample_01649.h5,yes,plan_10034.csv
train,sample_01650.h5,yes,plan_10041.csv
train,sample_01651.h5,yes,plan_10055.csv
train,sample_01652.h5,yes,plan_10057.csv
train,sample_01653.h5,yes,plan_10061.csv
train,sample_01654.h5,yes,plan_10063.csv
train,sample_01655.h5,yes,plan_10067.csv
train,sample_01656.h5,yes,plan_10068.csv
train,sample_01657.h5,yes,plan_10080.csv
train,sample_01658.h5,yes,plan_10081.csv
train,sample_01659.h5,yes,plan_10083.csv
train,sample_01660.h5,yes,plan_10085.csv
train,sample_01661.h5,yes,plan_10096.csv
train,sample_01662.h5,yes,plan_10097.csv
train,sample_01663.h5,yes,plan_10106.csv
train,sample_01664.h5,yes,plan_10116.csv
train,sample_01665.h5,yes,plan_10119.csv
train,sample_01666.h5,yes,plan_10123.csv
val,sample_00406.h5,yes,plan_10125.csv
train,sample_01667.h5,yes,plan_10131.csv
train,sample_01668.h5,yes,plan_10133.csv
val,sample_00407.h5,yes,plan_10137.csv
train,sample_01669.h5,yes,plan_10139.csv
train,sample_01670.h5,yes,plan_10142.csv
val,sample_00408.h5,yes,plan_10143.csv
train,sample_01671.h5,yes,plan_10153.csv
train,sample_01672.h5,yes,plan_10157.csv
train,sample_01673.h5,yes,plan_10159.csv
train,sample_01674.h5,yes,plan_10166.csv
train,sample_01675.h5,yes,plan_10170.csv
val,sample_00409.h5,yes,plan_10171.csv
train,sample_01676.h5,yes,plan_10175.csv
train,sample_01677.h5,yes,plan_10179.csv
train,sample_01678.h5,yes,plan_10180.csv
train,sample_01679.h5,yes,plan_10181.csv
train,sample_01680.h5,yes,plan_10191.csv
train,sample_01681.h5,yes,plan_10200.csv
val,sample_00410.h5,yes,plan_10208.csv
train,sample_01682.h5,yes,plan_10209.csv
val,sample_00411.h5,yes,plan_10211.csv
train,sample_01683.h5,yes,plan_10222.csv
val,sample_00412.h5,yes,plan_10223.csv
train,sample_01684.h5,yes,plan_10233.csv
val,sample_00413.h5,yes,plan_10240.csv
val,sample_00414.h5,yes,plan_10243.csv
val,sample_00415.h5,yes,plan_10244.csv
train,sample_01685.h5,yes,plan_10247.csv
train,sample_01686.h5,yes,plan_10251.csv
train,sample_01687.h5,yes,plan_10258.csv
train,sample_01688.h5,yes,plan_10262.csv
train,sample_01689.h5,yes,plan_10263.csv
train,sample_01690.h5,yes,plan_10264.csv
train,sample_01691.h5,yes,plan_10266.csv
val,sample_00416.h5,yes,plan_10272.csv
train,sample_01692.h5,yes,plan_10274.csv
val,sample_00417.h5,yes,plan_10276.csv
train,sample_01693.h5,yes,plan_10283.csv
train,sample_01694.h5,yes,plan_10286.csv
train,sample_01695.h5,yes,plan_10289.csv
train,sample_01696.h5,yes,plan_10293.csv
train,sample_01697.h5,yes,plan_10299.csv
train,sample_01698.h5,yes,plan_10301.csv
train,sample_01699.h5,yes,plan_10302.csv
val,sample_00418.h5,yes,plan_10309.csv
val,sample_00419.h5,yes,plan_10310.csv
train,sample_01700.h5,yes,plan_10316.csv
train,sample_01701.h5,yes,plan_10318.csv
train,sample_01702.h5,yes,plan_10322.csv
train,sample_01703.h5,yes,plan_10324.csv
train,sample_01704.h5,yes,plan_10325.csv
train,sample_01705.h5,yes,plan_10332.csv
train,sample_01706.h5,yes,plan_10333.csv
train,sample_01707.h5,yes,plan_10334.csv
train,sample_01708.h5,yes,plan_10340.csv
train,sample_01709.h5,yes,plan_10342.csv
train,sample_01710.h5,yes,plan_10348.csv
val,sample_00420.h5,yes,plan_10351.csv
train,sample_01711.h5,yes,plan_10352.csv
train,sample_01712.h5,yes,plan_10356.csv
train,sample_01713.h5,yes,plan_10363.csv
train,sample_01714.h5,yes,plan_10369.csv
train,sample_01715.h5,yes,plan_10374.csv
val,sample_00421.h5,yes,plan_10378.csv
train,sample_01716.h5,yes,plan_10384.csv
train,sample_01717.h5,yes,plan_10385.csv
train,sample_01718.h5,yes,plan_10388.csv
val,sample_00422.h5,yes,plan_10396.csv
val,sample_00423.h5,yes,plan_10402.csv
val,sample_00424.h5,yes,plan_10403.csv
val,sample_00425.h5,yes,plan_10404.csv
train,sample_01719.h5,yes,plan_10405.csv
train,sample_01720.h5,yes,plan_10412.csv
val,sample_00426.h5,yes,plan_10414.csv
train,sample_01721.h5,yes,plan_10418.csv
train,sample_01722.h5,yes,plan_10434.csv
train,sample_01723.h5,yes,plan_10440.csv
val,sample_00427.h5,yes,plan_10449.csv
train,sample_01724.h5,yes,plan_10452.csv
train,sample_01725.h5,yes,plan_10458.csv
train,sample_01726.h5,yes,plan_10471.csv
train,sample_01727.h5,yes,plan_10474.csv
train,sample_01728.h5,yes,plan_10483.csv
train,sample_01729.h5,yes,plan_10485.csv
train,sample_01730.h5,yes,plan_10488.csv
train,sample_01731.h5,yes,plan_10491.csv
train,sample_01732.h5,yes,plan_10492.csv
val,sample_00428.h5,yes,plan_10510.csv
val,sample_00429.h5,yes,plan_10511.csv
train,sample_01733.h5,yes,plan_10514.csv
train,sample_01734.h5,yes,plan_10531.csv
train,sample_01735.h5,yes,plan_10532.csv
train,sample_01736.h5,yes,plan_10537.csv
train,sample_01737.h5,yes,plan_10542.csv
train,sample_01738.h5,yes,plan_10544.csv
train,sample_01739.h5,yes,plan_10552.csv
train,sample_01740.h5,yes,plan_10557.csv
val,sample_00430.h5,yes,plan_10560.csv
val,sample_00431.h5,yes,plan_10565.csv
train,sample_01741.h5,yes,plan_10566.csv
val,sample_00432.h5,yes,plan_10567.csv
train,sample_01742.h5,yes,plan_10572.csv
val,sample_00433.h5,yes,plan_10582.csv
train,sample_01743.h5,yes,plan_10590.csv
train,sample_01744.h5,yes,plan_10597.csv
train,sample_01745.h5,yes,plan_10600.csv
train,sample_01746.h5,yes,plan_10607.csv
train,sample_01747.h5,yes,plan_10610.csv
train,sample_01748.h5,yes,plan_10616.csv
train,sample_01749.h5,yes,plan_10623.csv
train,sample_01750.h5,yes,plan_10628.csv
train,sample_01751.h5,yes,plan_10637.csv
train,sample_01752.h5,yes,plan_10645.csv
train,sample_01753.h5,yes,plan_10647.csv
train,sample_01754.h5,yes,plan_10651.csv
train,sample_01755.h5,yes,plan_10652.csv
train,sample_01756.h5,yes,plan_10673.csv
train,sample_01757.h5,yes,plan_10684.csv
train,sample_01758.h5,yes,plan_10689.csv
train,sample_01759.h5,yes,plan_10691.csv
val,sample_00434.h5,yes,plan_10696.csv
train,sample_01760.h5,yes,plan_10697.csv
train,sample_01761.h5,yes,plan_10704.csv
train,sample_01762.h5,yes,plan_10705.csv
train,sample_01763.h5,yes,plan_10709.csv
train,sample_01764.h5,yes,plan_10732.csv
train,sample_01765.h5,yes,plan_10735.csv
train,sample_01766.h5,yes,plan_10739.csv
train,sample_01767.h5,yes,plan_10746.csv
train,sample_01768.h5,yes,plan_10753.csv
train,sample_01769.h5,yes,plan_10768.csv
val,sample_00435.h5,yes,plan_10774.csv
train,sample_01770.h5,yes,plan_10775.csv
train,sample_01771.h5,yes,plan_10777.csv
train,sample_01772.h5,yes,plan_10785.csv
train,sample_01773.h5,yes,plan_10787.csv
train,sample_01774.h5,yes,plan_10794.csv
train,sample_01775.h5,yes,plan_10796.csv
train,sample_01776.h5,yes,plan_10804.csv
train,sample_01777.h5,yes,plan_10807.csv
train,sample_01778.h5,yes,plan_10808.csv
val,sample_00436.h5,yes,plan_10811.csv
train,sample_01779.h5,yes,plan_10821.csv
train,sample_01780.h5,yes,plan_10826.csv
train,sample_01781.h5,yes,plan_10829.csv
train,sample_01782.h5,yes,plan_10832.csv
train,sample_01783.h5,yes,plan_10833.csv
train,sample_01784.h5,yes,plan_10836.csv
train,sample_01785.h5,yes,plan_10840.csv
train,sample_01786.h5,yes,plan_10848.csv
train,sample_01787.h5,yes,plan_10857.csv
train,sample_01788.h5,yes,plan_10858.csv
train,sample_01789.h5,yes,plan_10859.csv
train,sample_01790.h5,yes,plan_10863.csv
train,sample_01791.h5,yes,plan_10865.csv
train,sample_01792.h5,yes,plan_10866.csv
train,sample_01793.h5,yes,plan_10869.csv
train,sample_01794.h5,yes,plan_10873.csv
train,sample_01795.h5,yes,plan_10884.csv
val,sample_00437.h5,yes,plan_10887.csv
train,sample_01796.h5,yes,plan_10889.csv
val,sample_00438.h5,yes,plan_10897.csv
val,sample_00439.h5,yes,plan_10900.csv
val,sample_00440.h5,yes,plan_10901.csv
train,sample_01797.h5,yes,plan_10903.csv
train,sample_01798.h5,yes,plan_10906.csv
val,sample_00441.h5,yes,plan_10907.csv
train,sample_01799.h5,yes,plan_10909.csv
val,sample_00442.h5,yes,plan_10914.csv
val,sample_00443.h5,yes,plan_10915.csv
train,sample_01800.h5,yes,plan_10916.csv
train,sample_01801.h5,yes,plan_10929.csv
train,sample_01802.h5,yes,plan_10934.csv
val,sample_00444.h5,yes,plan_10938.csv
train,sample_01803.h5,yes,plan_10942.csv
train,sample_01804.h5,yes,plan_10949.csv
train,sample_01805.h5,yes,plan_10958.csv
train,sample_01806.h5,yes,plan_10964.csv
train,sample_01807.h5,yes,plan_10965.csv
train,sample_01808.h5,yes,plan_10968.csv
train,sample_01809.h5,yes,plan_10973.csv
train,sample_01810.h5,yes,plan_10975.csv
train,sample_01811.h5,yes,plan_10978.csv
val,sample_00445.h5,yes,plan_10982.csv
train,sample_01812.h5,yes,plan_10988.csv
train,sample_01813.h5,yes,plan_10990.csv
train,sample_01814.h5,yes,plan_10997.csv
train,sample_01815.h5,yes,plan_11014.csv
train,sample_01816.h5,yes,plan_11015.csv
train,sample_01817.h5,yes,plan_11022.csv
val,sample_00446.h5,yes,plan_11052.csv
val,sample_00447.h5,yes,plan_11056.csv
train,sample_01818.h5,yes,plan_11059.csv
train,sample_01819.h5,yes,plan_11061.csv
train,sample_01820.h5,yes,plan_11064.csv
train,sample_01821.h5,yes,plan_11065.csv
val,sample_00448.h5,yes,plan_11068.csv
train,sample_01822.h5,yes,plan_11070.csv
train,sample_01823.h5,yes,plan_11074.csv
train,sample_01824.h5,yes,plan_11103.csv
train,sample_01825.h5,yes,plan_11116.csv
train,sample_01826.h5,yes,plan_11118.csv
train,sample_01827.h5,yes,plan_11122.csv
train,sample_01828.h5,yes,plan_11125.csv
train,sample_01829.h5,yes,plan_11131.csv
train,sample_01830.h5,yes,plan_11132.csv
val,sample_00449.h5,yes,plan_11133.csv
train,sample_01831.h5,yes,plan_11135.csv
train,sample_01832.h5,yes,plan_11137.csv
val,sample_00450.h5,yes,plan_11144.csv
val,sample_00451.h5,yes,plan_11145.csv
train,sample_01833.h5,yes,plan_11146.csv
train,sample_01834.h5,yes,plan_11150.csv
train,sample_01835.h5,yes,plan_11158.csv
train,sample_01836.h5,yes,plan_11163.csv
train,sample_01837.h5,yes,plan_11169.csv
train,sample_01838.h5,yes,plan_11175.csv
train,sample_01839.h5,yes,plan_11181.csv
train,sample_01840.h5,yes,plan_11183.csv
train,sample_01841.h5,yes,plan_11209.csv
train,sample_01842.h5,yes,plan_11211.csv
train,sample_01843.h5,yes,plan_11212.csv
train,sample_01844.h5,yes,plan_11215.csv
train,sample_01845.h5,yes,plan_11218.csv
val,sample_00452.h5,yes,plan_11224.csv
train,sample_01846.h5,yes,plan_11225.csv
train,sample_01847.h5,yes,plan_11227.csv
train,sample_01848.h5,yes,plan_11228.csv
val,sample_00453.h5,yes,plan_11232.csv
train,sample_01849.h5,yes,plan_11240.csv
train,sample_01850.h5,yes,plan_11242.csv
train,sample_01851.h5,yes,plan_11248.csv
train,sample_01852.h5,yes,plan_11253.csv
val,sample_00454.h5,yes,plan_11256.csv
train,sample_01853.h5,yes,plan_11269.csv
train,sample_01854.h5,yes,plan_11271.csv
train,sample_01855.h5,yes,plan_11274.csv
train,sample_01856.h5,yes,plan_11278.csv
val,sample_00455.h5,yes,plan_11282.csv
train,sample_01857.h5,yes,plan_11283.csv
val,sample_00456.h5,yes,plan_11284.csv
train,sample_01858.h5,yes,plan_11285.csv
train,sample_01859.h5,yes,plan_11286.csv
val,sample_00457.h5,yes,plan_11287.csv
val,sample_00458.h5,yes,plan_11310.csv
train,sample_01860.h5,yes,plan_11311.csv
train,sample_01861.h5,yes,plan_11313.csv
train,sample_01862.h5,yes,plan_11320.csv
val,sample_00459.h5,yes,plan_11327.csv
train,sample_01863.h5,yes,plan_11330.csv
train,sample_01864.h5,yes,plan_11341.csv
val,sample_00460.h5,yes,plan_11342.csv
train,sample_01865.h5,yes,plan_11343.csv
train,sample_01866.h5,yes,plan_11349.csv
train,sample_01867.h5,yes,plan_11351.csv
train,sample_01868.h5,yes,plan_11354.csv
train,sample_01869.h5,yes,plan_11355.csv
val,sample_00461.h5,yes,plan_11357.csv
train,sample_01870.h5,yes,plan_11361.csv
train,sample_01871.h5,yes,plan_11364.csv
train,sample_01872.h5,yes,plan_11366.csv
train,sample_01873.h5,yes,plan_11375.csv
val,sample_00462.h5,yes,plan_11377.csv
val,sample_00463.h5,yes,plan_11383.csv
train,sample_01874.h5,yes,plan_11397.csv
train,sample_01875.h5,yes,plan_11399.csv
train,sample_01876.h5,yes,plan_11403.csv
train,sample_01877.h5,yes,plan_11417.csv
train,sample_01878.h5,yes,plan_11420.csv
train,sample_01879.h5,yes,plan_11421.csv
val,sample_00464.h5,yes,plan_11422.csv
train,sample_01880.h5,yes,plan_11427.csv
train,sample_01881.h5,yes,plan_11429.csv
train,sample_01882.h5,yes,plan_11433.csv
train,sample_01883.h5,yes,plan_11451.csv
train,sample_01884.h5,yes,plan_11456.csv
train,sample_01885.h5,yes,plan_11459.csv
train,sample_01886.h5,yes,plan_11467.csv
val,sample_00465.h5,yes,plan_11469.csv
train,sample_01887.h5,yes,plan_11488.csv
val,sample_00466.h5,yes,plan_11489.csv
train,sample_01888.h5,yes,plan_11490.csv
train,sample_01889.h5,yes,plan_11497.csv
train,sample_01890.h5,yes,plan_11499.csv
train,sample_01891.h5,yes,plan_11503.csv
train,sample_01892.h5,yes,plan_11504.csv
train,sample_01893.h5,yes,plan_11509.csv
train,sample_01894.h5,yes,plan_11513.csv
train,sample_01895.h5,yes,plan_11514.csv
train,sample_01896.h5,yes,plan_11516.csv
train,sample_01897.h5,yes,plan_11517.csv
train,sample_01898.h5,yes,plan_11518.csv
train,sample_01899.h5,yes,plan_11540.csv
val,sample_00467.h5,yes,plan_11548.csv
train,sample_01900.h5,yes,plan_11551.csv
train,sample_01901.h5,yes,plan_11552.csv
train,sample_01902.h5,yes,plan_11557.csv
train,sample_01903.h5,yes,plan_11559.csv
train,sample_01904.h5,yes,plan_11561.csv
val,sample_00468.h5,yes,plan_11570.csv
train,sample_01905.h5,yes,plan_11575.csv
train,sample_01906.h5,yes,plan_11581.csv
train,sample_01907.h5,yes,plan_11586.csv
train,sample_01908.h5,yes,plan_11588.csv
val,sample_00469.h5,yes,plan_11599.csv
train,sample_01909.h5,yes,plan_11609.csv
val,sample_00470.h5,yes,plan_11614.csv
train,sample_01910.h5,yes,plan_11615.csv
train,sample_01911.h5,yes,plan_11616.csv
train,sample_01912.h5,yes,plan_11638.csv
val,sample_00471.h5,yes,plan_11639.csv
train,sample_01913.h5,yes,plan_11642.csv
train,sample_01914.h5,yes,plan_11653.csv
val,sample_00472.h5,yes,plan_11655.csv
train,sample_01915.h5,yes,plan_11658.csv
train,sample_01916.h5,yes,plan_11662.csv
val,sample_00473.h5,yes,plan_11666.csv
train,sample_01917.h5,yes,plan_11671.csv
train,sample_01918.h5,yes,plan_11673.csv
train,sample_01919.h5,yes,plan_11676.csv
train,sample_01920.h5,yes,plan_11677.csv
train,sample_01921.h5,yes,plan_11681.csv
train,sample_01922.h5,yes,plan_11689.csv
train,sample_01923.h5,yes,plan_11699.csv
train,sample_01924.h5,yes,plan_11701.csv
train,sample_01925.h5,yes,plan_11703.csv
train,sample_01926.h5,yes,plan_11719.csv
train,sample_01927.h5,yes,plan_11722.csv
train,sample_01928.h5,yes,plan_11724.csv
val,sample_00474.h5,yes,plan_11737.csv
train,sample_01929.h5,yes,plan_11747.csv
train,sample_01930.h5,yes,plan_11748.csv
val,sample_00475.h5,yes,plan_11767.csv
val,sample_00476.h5,yes,plan_11774.csv
train,sample_01931.h5,yes,plan_11779.csv
train,sample_01932.h5,yes,plan_11781.csv
train,sample_01933.h5,yes,plan_11785.csv
train,sample_01934.h5,yes,plan_11791.csv
train,sample_01935.h5,yes,plan_11792.csv
train,sample_01936.h5,yes,plan_11795.csv
train,sample_01937.h5,yes,plan_11804.csv
train,sample_01938.h5,yes,plan_11806.csv
train,sample_01939.h5,yes,plan_11807.csv
train,sample_01940.h5,yes,plan_11817.csv
train,sample_01941.h5,yes,plan_11818.csv
train,sample_01942.h5,yes,plan_11819.csv
train,sample_01943.h5,yes,plan_11822.csv
val,sample_00477.h5,yes,plan_11828.csv
train,sample_01944.h5,yes,plan_11835.csv
train,sample_01945.h5,yes,plan_11842.csv
train,sample_01946.h5,yes,plan_11843.csv
train,sample_01947.h5,yes,plan_11845.csv
train,sample_01948.h5,yes,plan_11846.csv
train,sample_01949.h5,yes,plan_11847.csv
train,sample_01950.h5,yes,plan_11869.csv
train,sample_01951.h5,yes,plan_11871.csv
train,sample_01952.h5,yes,plan_11875.csv
val,sample_00478.h5,yes,plan_11883.csv
train,sample_01953.h5,yes,plan_11886.csv
train,sample_01954.h5,yes,plan_11899.csv
train,sample_01955.h5,yes,plan_11904.csv
val,sample_00479.h5,yes,plan_11910.csv
train,sample_01956.h5,yes,plan_11920.csv
train,sample_01957.h5,yes,plan_11924.csv
train,sample_01958.h5,yes,plan_11925.csv
train,sample_01959.h5,yes,plan_11937.csv
train,sample_01960.h5,yes,plan_11940.csv
train,sample_01961.h5,yes,plan_11941.csv
train,sample_01962.h5,yes,plan_11942.csv
train,sample_01963.h5,yes,plan_11943.csv
val,sample_00480.h5,yes,plan_11948.csv
val,sample_00481.h5,yes,plan_11949.csv
val,sample_00482.h5,yes,plan_11951.csv
train,sample_01964.h5,yes,plan_11953.csv
train,sample_01965.h5,yes,plan_11957.csv
val,sample_00483.h5,yes,plan_11962.csv
train,sample_01966.h5,yes,plan_11967.csv
train,sample_01967.h5,yes,plan_11968.csv
train,sample_01968.h5,yes,plan_11974.csv
train,sample_01969.h5,yes,plan_11978.csv
train,sample_01970.h5,yes,plan_11979.csv
val,sample_00484.h5,yes,plan_11980.csv
train,sample_01971.h5,yes,plan_11985.csv
train,sample_01972.h5,yes,plan_11988.csv
train,sample_01973.h5,yes,plan_11990.csv
train,sample_01974.h5,yes,plan_11993.csv
val,sample_00485.h5,yes,plan_11998.csv
train,sample_01975.h5,yes,plan_11999.csv
train,sample_01976.h5,yes,plan_12001.csv
val,sample_00486.h5,yes,plan_12009.csv
train,sample_01977.h5,yes,plan_12011.csv
train,sample_01978.h5,yes,plan_12013.csv
train,sample_01979.h5,yes,plan_12015.csv
train,sample_01980.h5,yes,plan_12016.csv
train,sample_01981.h5,yes,plan_12017.csv
train,sample_01982.h5,yes,plan_12023.csv
train,sample_01983.h5,yes,plan_12024.csv
train,sample_01984.h5,yes,plan_12034.csv
train,sample_01985.h5,yes,plan_12037.csv
train,sample_01986.h5,yes,plan_12039.csv
train,sample_01987.h5,yes,plan_12046.csv
train,sample_01988.h5,yes,plan_12047.csv
train,sample_01989.h5,yes,plan_12051.csv
train,sample_01990.h5,yes,plan_12052.csv
train,sample_01991.h5,yes,plan_12056.csv
val,sample_00487.h5,yes,plan_12057.csv
train,sample_01992.h5,yes,plan_12060.csv
train,sample_01993.h5,yes,plan_12063.csv
train,sample_01994.h5,yes,plan_12067.csv
train,sample_01995.h5,yes,plan_12068.csv
train,sample_01996.h5,yes,plan_12074.csv
train,sample_01997.h5,yes,plan_12076.csv
val,sample_00488.h5,yes,plan_12084.csv
train,sample_01998.h5,yes,plan_12090.csv
val,sample_00489.h5,yes,plan_12093.csv
train,sample_01999.h5,yes,plan_12108.csv
train,sample_02000.h5,yes,plan_12110.csv
train,sample_02001.h5,yes,plan_12114.csv
train,sample_02002.h5,yes,plan_12120.csv
train,sample_02003.h5,yes,plan_12121.csv
val,sample_00490.h5,yes,plan_12127.csv
train,sample_02004.h5,yes,plan_12137.csv
val,sample_00491.h5,yes,plan_12140.csv
val,sample_00492.h5,yes,plan_12148.csv
val,sample_00493.h5,yes,plan_12156.csv
val,sample_00494.h5,yes,plan_12158.csv
val,sample_00495.h5,yes,plan_12162.csv
train,sample_02005.h5,yes,plan_12164.csv
val,sample_00496.h5,yes,plan_12166.csv
train,sample_02006.h5,yes,plan_12167.csv
train,sample_02007.h5,yes,plan_12168.csv
train,sample_02008.h5,yes,plan_12169.csv
train,sample_02009.h5,yes,plan_12171.csv
train,sample_02010.h5,yes,plan_12172.csv
train,sample_02011.h5,yes,plan_12173.csv
val,sample_00497.h5,yes,plan_12175.csv
train,sample_02012.h5,yes,plan_12179.csv
train,sample_02013.h5,yes,plan_12180.csv
train,sample_02014.h5,yes,plan_12196.csv
train,sample_02015.h5,yes,plan_12203.csv
train,sample_02016.h5,yes,plan_12206.csv
train,sample_02017.h5,yes,plan_12207.csv
train,sample_02018.h5,yes,plan_12208.csv
train,sample_02019.h5,yes,plan_12209.csv
val,sample_00498.h5,yes,plan_12216.csv
train,sample_02020.h5,yes,plan_12221.csv
train,sample_02021.h5,yes,plan_12226.csv
val,sample_00499.h5,yes,plan_12228.csv
train,sample_02022.h5,yes,plan_12232.csv
train,sample_02023.h5,yes,plan_12233.csv
val,sample_00500.h5,yes,plan_12240.csv
val,sample_00501.h5,yes,plan_12242.csv
train,sample_02024.h5,yes,plan_12247.csv
train,sample_02025.h5,yes,plan_12262.csv
train,sample_02026.h5,yes,plan_12267.csv
train,sample_02027.h5,yes,plan_12274.csv
train,sample_02028.h5,yes,plan_12279.csv
val,sample_00502.h5,yes,plan_12287.csv
train,sample_02029.h5,yes,plan_12291.csv
train,sample_02030.h5,yes,plan_12302.csv
train,sample_02031.h5,yes,plan_12308.csv
train,sample_02032.h5,yes,plan_12311.csv
val,sample_00503.h5,yes,plan_12323.csv
train,sample_02033.h5,yes,plan_12324.csv
train,sample_02034.h5,yes,plan_12329.csv
val,sample_00504.h5,yes,plan_12344.csv
train,sample_02035.h5,yes,plan_12346.csv
train,sample_02036.h5,yes,plan_12351.csv
train,sample_02037.h5,yes,plan_12354.csv
val,sample_00505.h5,yes,plan_12358.csv
train,sample_02038.h5,yes,plan_12359.csv
train,sample_02039.h5,yes,plan_12365.csv
val,sample_00506.h5,yes,plan_12366.csv
train,sample_02040.h5,yes,plan_12369.csv
val,sample_00507.h5,yes,plan_12372.csv
train,sample_02041.h5,yes,plan_12376.csv
train,sample_02042.h5,yes,plan_12385.csv
train,sample_02043.h5,yes,plan_12386.csv
train,sample_02044.h5,yes,plan_12387.csv
train,sample_02045.h5,yes,plan_12390.csv
train,sample_02046.h5,yes,plan_12398.csv
train,sample_02047.h5,yes,plan_12404.csv
train,sample_02048.h5,yes,plan_12405.csv
val,sample_00508.h5,yes,plan_12406.csv
train,sample_02049.h5,yes,plan_12416.csv
train,sample_02050.h5,yes,plan_12418.csv
train,sample_02051.h5,yes,plan_12423.csv
train,sample_02052.h5,yes,plan_12428.csv
train,sample_02053.h5,yes,plan_12434.csv
train,sample_02054.h5,yes,plan_12438.csv
train,sample_02055.h5,yes,plan_12445.csv
train,sample_02056.h5,yes,plan_12450.csv
train,sample_02057.h5,yes,plan_12454.csv
train,sample_02058.h5,yes,plan_12459.csv
train,sample_02059.h5,yes,plan_12465.csv
train,sample_02060.h5,yes,plan_12471.csv
val,sample_00509.h5,yes,plan_12472.csv
train,sample_02061.h5,yes,plan_12474.csv
val,sample_00510.h5,yes,plan_12475.csv
train,sample_02062.h5,yes,plan_12485.csv
train,sample_02063.h5,yes,plan_12489.csv
train,sample_02064.h5,yes,plan_12495.csv
train,sample_02065.h5,yes,plan_12496.csv
train,sample_02066.h5,yes,plan_12497.csv
train,sample_02067.h5,yes,plan_12499.csv
train,sample_02068.h5,yes,plan_12505.csv
train,sample_02069.h5,yes,plan_12506.csv
train,sample_02070.h5,yes,plan_12508.csv
val,sample_00511.h5,yes,plan_12510.csv
val,sample_00512.h5,yes,plan_12514.csv
train,sample_02071.h5,yes,plan_12522.csv
train,sample_02072.h5,yes,plan_12527.csv
train,sample_02073.h5,yes,plan_12531.csv
val,sample_00513.h5,yes,plan_12540.csv
train,sample_02074.h5,yes,plan_12541.csv
train,sample_02075.h5,yes,plan_12557.csv
val,sample_00514.h5,yes,plan_12558.csv
train,sample_02076.h5,yes,plan_12560.csv
train,sample_02077.h5,yes,plan_12562.csv
train,sample_02078.h5,yes,plan_12566.csv
train,sample_02079.h5,yes,plan_12573.csv
val,sample_00515.h5,yes,plan_12577.csv
train,sample_02080.h5,yes,plan_12580.csv
train,sample_02081.h5,yes,plan_12583.csv
train,sample_02082.h5,yes,plan_12590.csv
train,sample_02083.h5,yes,plan_12591.csv
train,sample_02084.h5,yes,plan_12602.csv
train,sample_02085.h5,yes,plan_12612.csv
train,sample_02086.h5,yes,plan_12615.csv
val,sample_00516.h5,yes,plan_12616.csv
train,sample_02087.h5,yes,plan_12621.csv
val,sample_00517.h5,yes,plan_12626.csv
train,sample_02088.h5,yes,plan_12631.csv
train,sample_02089.h5,yes,plan_12632.csv
train,sample_02090.h5,yes,plan_12633.csv
val,sample_00518.h5,yes,plan_12634.csv
train,sample_02091.h5,yes,plan_12639.csv
val,sample_00519.h5,yes,plan_12643.csv
val,sample_00520.h5,yes,plan_12647.csv
train,sample_02092.h5,yes,plan_12652.csv
train,sample_02093.h5,yes,plan_12656.csv
train,sample_02094.h5,yes,plan_12662.csv
train,sample_02095.h5,yes,plan_12663.csv
train,sample_02096.h5,yes,plan_12666.csv
train,sample_02097.h5,yes,plan_12673.csv
train,sample_02098.h5,yes,plan_12676.csv
train,sample_02099.h5,yes,plan_12678.csv
train,sample_02100.h5,yes,plan_12685.csv
train,sample_02101.h5,yes,plan_12690.csv
train,sample_02102.h5,yes,plan_12691.csv
train,sample_02103.h5,yes,plan_12693.csv
val,sample_00521.h5,yes,plan_12700.csv
train,sample_02104.h5,yes,plan_12701.csv
train,sample_02105.h5,yes,plan_12703.csv
train,sample_02106.h5,yes,plan_12720.csv
train,sample_02107.h5,yes,plan_12722.csv
train,sample_02108.h5,yes,plan_12724.csv
train,sample_02109.h5,yes,plan_12730.csv
val,sample_00522.h5,yes,plan_12731.csv
train,sample_02110.h5,yes,plan_12734.csv
train,sample_02111.h5,yes,plan_12751.csv
val,sample_00523.h5,yes,plan_12753.csv
train,sample_02112.h5,yes,plan_12756.csv
val,sample_00524.h5,yes,plan_12759.csv
train,sample_02113.h5,yes,plan_12760.csv
val,sample_00525.h5,yes,plan_12762.csv
train,sample_02114.h5,yes,plan_12766.csv
train,sample_02115.h5,yes,plan_12768.csv
train,sample_02116.h5,yes,plan_12776.csv
train,sample_02117.h5,yes,plan_12780.csv
train,sample_02118.h5,yes,plan_12781.csv
train,sample_02119.h5,yes,plan_12782.csv
val,sample_00526.h5,yes,plan_12783.csv
val,sample_00527.h5,yes,plan_12784.csv
train,sample_02120.h5,yes,plan_12789.csv
train,sample_02121.h5,yes,plan_12792.csv
train,sample_02122.h5,yes,plan_12793.csv
train,sample_02123.h5,yes,plan_12794.csv
train,sample_02124.h5,yes,plan_12804.csv
val,sample_00528.h5,yes,plan_12808.csv
train,sample_02125.h5,yes,plan_12809.csv
train,sample_02126.h5,yes,plan_12811.csv
val,sample_00529.h5,yes,plan_12818.csv
train,sample_02127.h5,yes,plan_12825.csv
train,sample_02128.h5,yes,plan_12829.csv
train,sample_02129.h5,yes,plan_12830.csv
train,sample_02130.h5,yes,plan_12836.csv
train,sample_02131.h5,yes,plan_12842.csv
train,sample_02132.h5,yes,plan_12847.csv
train,sample_02133.h5,yes,plan_12848.csv
train,sample_02134.h5,yes,plan_12850.csv
train,sample_02135.h5,yes,plan_12855.csv
train,sample_02136.h5,yes,plan_12860.csv
val,sample_00530.h5,yes,plan_12866.csv
train,sample_02137.h5,yes,plan_12869.csv
train,sample_02138.h5,yes,plan_12872.csv
train,sample_02139.h5,yes,plan_12880.csv
train,sample_02140.h5,yes,plan_12887.csv
val,sample_00531.h5,yes,plan_12889.csv
train,sample_02141.h5,yes,plan_12890.csv
train,sample_02142.h5,yes,plan_12893.csv
train,sample_02143.h5,yes,plan_12895.csv
train,sample_02144.h5,yes,plan_12896.csv
train,sample_02145.h5,yes,plan_12906.csv
train,sample_02146.h5,yes,plan_12913.csv
val,sample_00532.h5,yes,plan_12918.csv
train,sample_02147.h5,yes,plan_12922.csv
train,sample_02148.h5,yes,plan_12933.csv
train,sample_02149.h5,yes,plan_12935.csv
train,sample_02150.h5,yes,plan_12941.csv
train,sample_02151.h5,yes,plan_12945.csv
train,sample_02152.h5,yes,plan_12960.csv
train,sample_02153.h5,yes,plan_12964.csv
train,sample_02154.h5,yes,plan_12966.csv
train,sample_02155.h5,yes,plan_12969.csv
val,sample_00533.h5,yes,plan_12972.csv
train,sample_02156.h5,yes,plan_12979.csv
train,sample_02157.h5,yes,plan_12983.csv
train,sample_02158.h5,yes,plan_12986.csv
train,sample_02159.h5,yes,plan_12992.csv
val,sample_00534.h5,yes,plan_12994.csv
train,sample_02160.h5,yes,plan_12999.csv
train,sample_02161.h5,yes,plan_13002.csv
train,sample_02162.h5,yes,plan_13005.csv
train,sample_02163.h5,yes,plan_13006.csv
train,sample_02164.h5,yes,plan_13008.csv
train,sample_02165.h5,yes,plan_13017.csv
train,sample_02166.h5,yes,plan_13021.csv
val,sample_00535.h5,yes,plan_13032.csv
train,sample_02167.h5,yes,plan_13034.csv
train,sample_02168.h5,yes,plan_13042.csv
train,sample_02169.h5,yes,plan_13049.csv
train,sample_02170.h5,yes,plan_13051.csv
train,sample_02171.h5,yes,plan_13056.csv
train,sample_02172.h5,yes,plan_13059.csv
train,sample_02173.h5,yes,plan_13063.csv
train,sample_02174.h5,yes,plan_13073.csv
train,sample_02175.h5,yes,plan_13074.csv
train,sample_02176.h5,yes,plan_13080.csv
train,sample_02177.h5,yes,plan_13091.csv
val,sample_00536.h5,yes,plan_13094.csv
val,sample_00537.h5,yes,plan_13097.csv
val,sample_00538.h5,yes,plan_13106.csv
train,sample_02178.h5,yes,plan_13108.csv
train,sample_02179.h5,yes,plan_13110.csv
train,sample_02180.h5,yes,plan_13114.csv
train,sample_02181.h5,yes,plan_13123.csv
train,sample_02182.h5,yes,plan_13127.csv
train,sample_02183.h5,yes,plan_13133.csv
val,sample_00539.h5,yes,plan_13135.csv
train,sample_02184.h5,yes,plan_13139.csv
train,sample_02185.h5,yes,plan_13140.csv
train,sample_02186.h5,yes,plan_13146.csv
train,sample_02187.h5,yes,plan_13149.csv
train,sample_02188.h5,yes,plan_13151.csv
val,sample_00540.h5,yes,plan_13153.csv
train,sample_02189.h5,yes,plan_13154.csv
val,sample_00541.h5,yes,plan_13164.csv
train,sample_02190.h5,yes,plan_13166.csv
train,sample_02191.h5,yes,plan_13170.csv
train,sample_02192.h5,yes,plan_13175.csv
train,sample_02193.h5,yes,plan_13179.csv
train,sample_02194.h5,yes,plan_13184.csv
train,sample_02195.h5,yes,plan_13188.csv
train,sample_02196.h5,yes,plan_13197.csv
train,sample_02197.h5,yes,plan_13205.csv
val,sample_00542.h5,yes,plan_13208.csv
val,sample_00543.h5,yes,plan_13216.csv
train,sample_02198.h5,yes,plan_13219.csv
train,sample_02199.h5,yes,plan_13230.csv
val,sample_00544.h5,yes,plan_13238.csv
train,sample_02200.h5,yes,plan_13239.csv
val,sample_00545.h5,yes,plan_13241.csv
train,sample_02201.h5,yes,plan_13245.csv
train,sample_02202.h5,yes,plan_13255.csv
train,sample_02203.h5,yes,plan_13261.csv
val,sample_00546.h5,yes,plan_13263.csv
val,sample_00547.h5,yes,plan_13268.csv
train,sample_02204.h5,yes,plan_13270.csv
train,sample_02205.h5,yes,plan_13272.csv
train,sample_02206.h5,yes,plan_13273.csv
val,sample_00548.h5,yes,plan_13275.csv
val,sample_00549.h5,yes,plan_13276.csv
train,sample_02207.h5,yes,plan_13279.csv
train,sample_02208.h5,yes,plan_13285.csv
train,sample_02209.h5,yes,plan_13286.csv
train,sample_02210.h5,yes,plan_13288.csv
train,sample_02211.h5,yes,plan_13289.csv
val,sample_00550.h5,yes,plan_13300.csv
train,sample_02212.h5,yes,plan_13305.csv
val,sample_00551.h5,yes,plan_13308.csv
train,sample_02213.h5,yes,plan_13312.csv
train,sample_02214.h5,yes,plan_13319.csv
train,sample_02215.h5,yes,plan_13330.csv
train,sample_02216.h5,yes,plan_13351.csv
train,sample_02217.h5,yes,plan_13353.csv
train,sample_02218.h5,yes,plan_13357.csv
val,sample_00552.h5,yes,plan_13365.csv
train,sample_02219.h5,yes,plan_13367.csv
train,sample_02220.h5,yes,plan_13371.csv
val,sample_00553.h5,yes,plan_13373.csv
train,sample_02221.h5,yes,plan_13374.csv
train,sample_02222.h5,yes,plan_13377.csv
train,sample_02223.h5,yes,plan_13380.csv
train,sample_02224.h5,yes,plan_13383.csv
val,sample_00554.h5,yes,plan_13387.csv
train,sample_02225.h5,yes,plan_13389.csv
train,sample_02226.h5,yes,plan_13399.csv
val,sample_00555.h5,yes,plan_13408.csv
train,sample_02227.h5,yes,plan_13409.csv
train,sample_02228.h5,yes,plan_13423.csv
train,sample_02229.h5,yes,plan_13429.csv
train,sample_02230.h5,yes,plan_13430.csv
train,sample_02231.h5,yes,plan_13434.csv
val,sample_00556.h5,yes,plan_13435.csv
train,sample_02232.h5,yes,plan_13440.csv
train,sample_02233.h5,yes,plan_13443.csv
train,sample_02234.h5,yes,plan_13448.csv
train,sample_02235.h5,yes,plan_13450.csv
train,sample_02236.h5,yes,plan_13451.csv
train,sample_02237.h5,yes,plan_13452.csv
val,sample_00557.h5,yes,plan_13453.csv
train,sample_02238.h5,yes,plan_13456.csv
val,sample_00558.h5,yes,plan_13457.csv
train,sample_02239.h5,yes,plan_13458.csv
train,sample_02240.h5,yes,plan_13460.csv
train,sample_02241.h5,yes,plan_13474.csv
train,sample_02242.h5,yes,plan_13478.csv
train,sample_02243.h5,yes,plan_13480.csv
val,sample_00559.h5,yes,plan_13482.csv
train,sample_02244.h5,yes,plan_13489.csv
train,sample_02245.h5,yes,plan_13490.csv
train,sample_02246.h5,yes,plan_13493.csv
train,sample_02247.h5,yes,plan_13499.csv
train,sample_02248.h5,yes,plan_13500.csv
val,sample_00560.h5,yes,plan_13504.csv
train,sample_02249.h5,yes,plan_13508.csv
train,sample_02250.h5,yes,plan_13519.csv
val,sample_00561.h5,yes,plan_13520.csv
train,sample_02251.h5,yes,plan_13524.csv
val,sample_00562.h5,yes,plan_13534.csv
train,sample_02252.h5,yes,plan_13536.csv
train,sample_02253.h5,yes,plan_13538.csv
train,sample_02254.h5,yes,plan_13542.csv
train,sample_02255.h5,yes,plan_13549.csv
val,sample_00563.h5,yes,plan_13550.csv
train,sample_02256.h5,yes,plan_13551.csv
train,sample_02257.h5,yes,plan_13556.csv
train,sample_02258.h5,yes,plan_13557.csv
val,sample_00564.h5,yes,plan_13561.csv
train,sample_02259.h5,yes,plan_13562.csv
train,sample_02260.h5,yes,plan_13563.csv
train,sample_02261.h5,yes,plan_13566.csv
train,sample_02262.h5,yes,plan_13567.csv
train,sample_02263.h5,yes,plan_13573.csv
train,sample_02264.h5,yes,plan_13578.csv
train,sample_02265.h5,yes,plan_13579.csv
train,sample_02266.h5,yes,plan_13582.csv
train,sample_02267.h5,yes,plan_13590.csv
train,sample_02268.h5,yes,plan_13593.csv
train,sample_02269.h5,yes,plan_13594.csv
train,sample_02270.h5,yes,plan_13595.csv
train,sample_02271.h5,yes,plan_13596.csv
train,sample_02272.h5,yes,plan_13603.csv
train,sample_02273.h5,yes,plan_13610.csv
train,sample_02274.h5,yes,plan_13614.csv
train,sample_02275.h5,yes,plan_13624.csv
val,sample_00565.h5,yes,plan_13628.csv
train,sample_02276.h5,yes,plan_13630.csv
train,sample_02277.h5,yes,plan_13631.csv
val,sample_00566.h5,yes,plan_13632.csv
train,sample_02278.h5,yes,plan_13633.csv
train,sample_02279.h5,yes,plan_13637.csv
train,sample_02280.h5,yes,plan_13643.csv
train,sample_02281.h5,yes,plan_13646.csv
train,sample_02282.h5,yes,plan_13658.csv
train,sample_02283.h5,yes,plan_13663.csv
train,sample_02284.h5,yes,plan_13670.csv
train,sample_02285.h5,yes,plan_13679.csv
train,sample_02286.h5,yes,plan_13680.csv
train,sample_02287.h5,yes,plan_13686.csv
val,sample_00567.h5,yes,plan_13689.csv
train,sample_02288.h5,yes,plan_13691.csv
val,sample_00568.h5,yes,plan_13701.csv
train,sample_02289.h5,yes,plan_13708.csv
train,sample_02290.h5,yes,plan_13710.csv
train,sample_02291.h5,yes,plan_13712.csv
val,sample_00569.h5,yes,plan_13716.csv
train,sample_02292.h5,yes,plan_13724.csv
val,sample_00570.h5,yes,plan_13725.csv
train,sample_02293.h5,yes,plan_13726.csv
train,sample_02294.h5,yes,plan_13727.csv
val,sample_00571.h5,yes,plan_13732.csv
train,sample_02295.h5,yes,plan_13742.csv
train,sample_02296.h5,yes,plan_13753.csv
train,sample_02297.h5,yes,plan_13757.csv
train,sample_02298.h5,yes,plan_13762.csv
train,sample_02299.h5,yes,plan_13764.csv
train,sample_02300.h5,yes,plan_13772.csv
train,sample_02301.h5,yes,plan_13775.csv
train,sample_02302.h5,yes,plan_13784.csv
train,sample_02303.h5,yes,plan_13791.csv
train,sample_02304.h5,yes,plan_13792.csv
train,sample_02305.h5,yes,plan_13801.csv
train,sample_02306.h5,yes,plan_13802.csv
train,sample_02307.h5,yes,plan_13804.csv
val,sample_00572.h5,yes,plan_13805.csv
train,sample_02308.h5,yes,plan_13806.csv
val,sample_00573.h5,yes,plan_13807.csv
val,sample_00574.h5,yes,plan_13809.csv
val,sample_00575.h5,yes,plan_13813.csv
train,sample_02309.h5,yes,plan_13816.csv
train,sample_02310.h5,yes,plan_13827.csv
train,sample_02311.h5,yes,plan_13828.csv
train,sample_02312.h5,yes,plan_13830.csv
train,sample_02313.h5,yes,plan_13832.csv
train,sample_02314.h5,yes,plan_13839.csv
train,sample_02315.h5,yes,plan_13840.csv
val,sample_00576.h5,yes,plan_13841.csv
train,sample_02316.h5,yes,plan_13843.csv
val,sample_00577.h5,yes,plan_13850.csv
train,sample_02317.h5,yes,plan_13852.csv
train,sample_02318.h5,yes,plan_13866.csv
train,sample_02319.h5,yes,plan_13869.csv
train,sample_02320.h5,yes,plan_13871.csv
train,sample_02321.h5,yes,plan_13877.csv
train,sample_02322.h5,yes,plan_13882.csv
val,sample_00578.h5,yes,plan_13885.csv
train,sample_02323.h5,yes,plan_13892.csv
train,sample_02324.h5,yes,plan_13901.csv
val,sample_00579.h5,yes,plan_13902.csv
train,sample_02325.h5,yes,plan_13904.csv
train,sample_02326.h5,yes,plan_13918.csv
val,sample_00580.h5,yes,plan_13919.csv
train,sample_02327.h5,yes,plan_13920.csv
train,sample_02328.h5,yes,plan_13921.csv
train,sample_02329.h5,yes,plan_13922.csv
train,sample_02330.h5,yes,plan_13926.csv
train,sample_02331.h5,yes,plan_13928.csv
val,sample_00581.h5,yes,plan_13930.csv
train,sample_02332.h5,yes,plan_13935.csv
train,sample_02333.h5,yes,plan_13937.csv
val,sample_00582.h5,yes,plan_13941.csv
train,sample_02334.h5,yes,plan_13942.csv
train,sample_02335.h5,yes,plan_13948.csv
train,sample_02336.h5,yes,plan_13952.csv
train,sample_02337.h5,yes,plan_13953.csv
train,sample_02338.h5,yes,plan_13955.csv
train,sample_02339.h5,yes,plan_13956.csv
train,sample_02340.h5,yes,plan_13958.csv
train,sample_02341.h5,yes,plan_13964.csv
val,sample_00583.h5,yes,plan_13971.csv
train,sample_02342.h5,yes,plan_13976.csv
val,sample_00584.h5,yes,plan_13979.csv
val,sample_00585.h5,yes,plan_13985.csv
train,sample_02343.h5,yes,plan_13994.csv
train,sample_02344.h5,yes,plan_13996.csv
train,sample_02345.h5,yes,plan_14000.csv
train,sample_02346.h5,yes,plan_14004.csv
val,sample_00586.h5,yes,plan_14015.csv
train,sample_02347.h5,yes,plan_14021.csv
train,sample_02348.h5,yes,plan_14022.csv
train,sample_02349.h5,yes,plan_14025.csv
train,sample_02350.h5,yes,plan_14029.csv
train,sample_02351.h5,yes,plan_14035.csv
train,sample_02352.h5,yes,plan_14040.csv
train,sample_02353.h5,yes,plan_14042.csv
train,sample_02354.h5,yes,plan_14045.csv
val,sample_00587.h5,yes,plan_14047.csv
train,sample_02355.h5,yes,plan_14049.csv
train,sample_02356.h5,yes,plan_14056.csv
train,sample_02357.h5,yes,plan_14063.csv
train,sample_02358.h5,yes,plan_14069.csv
train,sample_02359.h5,yes,plan_14075.csv
val,sample_00588.h5,yes,plan_14077.csv
train,sample_02360.h5,yes,plan_14079.csv
train,sample_02361.h5,yes,plan_14082.csv
val,sample_00589.h5,yes,plan_14085.csv
train,sample_02362.h5,yes,plan_14089.csv
val,sample_00590.h5,yes,plan_14098.csv
train,sample_02363.h5,yes,plan_14099.csv
val,sample_00591.h5,yes,plan_14101.csv
train,sample_02364.h5,yes,plan_14102.csv
train,sample_02365.h5,yes,plan_14103.csv
train,sample_02366.h5,yes,plan_14109.csv
train,sample_02367.h5,yes,plan_14111.csv
train,sample_02368.h5,yes,plan_14117.csv
train,sample_02369.h5,yes,plan_14118.csv
train,sample_02370.h5,yes,plan_14132.csv
train,sample_02371.h5,yes,plan_14134.csv
train,sample_02372.h5,yes,plan_14142.csv
val,sample_00592.h5,yes,plan_14143.csv
val,sample_00593.h5,yes,plan_14146.csv
train,sample_02373.h5,yes,plan_14156.csv
val,sample_00594.h5,yes,plan_14166.csv
train,sample_02374.h5,yes,plan_14167.csv
train,sample_02375.h5,yes,plan_14173.csv
train,sample_02376.h5,yes,plan_14179.csv
train,sample_02377.h5,yes,plan_14182.csv
train,sample_02378.h5,yes,plan_14185.csv
train,sample_02379.h5,yes,plan_14202.csv
train,sample_02380.h5,yes,plan_14203.csv
train,sample_02381.h5,yes,plan_14206.csv
val,sample_00595.h5,yes,plan_14209.csv
val,sample_00596.h5,yes,plan_14214.csv
train,sample_02382.h5,yes,plan_14216.csv
train,sample_02383.h5,yes,plan_14221.csv
train,sample_02384.h5,yes,plan_14222.csv
train,sample_02385.h5,yes,plan_14229.csv
train,sample_02386.h5,yes,plan_14230.csv
train,sample_02387.h5,yes,plan_14236.csv
val,sample_00597.h5,yes,plan_14238.csv
train,sample_02388.h5,yes,plan_14239.csv
train,sample_02389.h5,yes,plan_14247.csv
val,sample_00598.h5,yes,plan_14249.csv
train,sample_02390.h5,yes,plan_14250.csv
train,sample_02391.h5,yes,plan_14252.csv
train,sample_02392.h5,yes,plan_14253.csv
train,sample_02393.h5,yes,plan_14254.csv
train,sample_02394.h5,yes,plan_14261.csv
val,sample_00599.h5,yes,plan_14269.csv
val,sample_00600.h5,yes,plan_14272.csv
val,sample_00601.h5,yes,plan_14274.csv
train,sample_02395.h5,yes,plan_14276.csv
train,sample_02396.h5,yes,plan_14278.csv
train,sample_02397.h5,yes,plan_14279.csv
train,sample_02398.h5,yes,plan_14285.csv
train,sample_02399.h5,yes,plan_14286.csv
train,sample_02400.h5,yes,plan_14287.csv
val,sample_00602.h5,yes,plan_14291.csv
train,sample_02401.h5,yes,plan_14295.csv
val,sample_00603.h5,yes,plan_14301.csv
val,sample_00604.h5,yes,plan_14305.csv
train,sample_02402.h5,yes,plan_14314.csv
train,sample_02403.h5,yes,plan_14320.csv
train,sample_02404.h5,yes,plan_14323.csv
train,sample_02405.h5,yes,plan_14325.csv
train,sample_02406.h5,yes,plan_14328.csv
train,sample_02407.h5,yes,plan_14335.csv
val,sample_00605.h5,yes,plan_14336.csv
train,sample_02408.h5,yes,plan_14340.csv
val,sample_00606.h5,yes,plan_14342.csv
train,sample_02409.h5,yes,plan_14345.csv
train,sample_02410.h5,yes,plan_14346.csv
train,sample_02411.h5,yes,plan_14350.csv
train,sample_02412.h5,yes,plan_14353.csv
train,sample_02413.h5,yes,plan_14362.csv
train,sample_02414.h5,yes,plan_14366.csv
train,sample_02415.h5,yes,plan_14368.csv
val,sample_00607.h5,yes,plan_14372.csv
train,sample_02416.h5,yes,plan_14374.csv
train,sample_02417.h5,yes,plan_14385.csv
train,sample_02418.h5,yes,plan_14397.csv
val,sample_00608.h5,yes,plan_14401.csv
train,sample_02419.h5,yes,plan_14408.csv
train,sample_02420.h5,yes,plan_14411.csv
train,sample_02421.h5,yes,plan_14416.csv
val,sample_00609.h5,yes,plan_14421.csv
train,sample_02422.h5,yes,plan_14423.csv
train,sample_02423.h5,yes,plan_14425.csv
train,sample_02424.h5,yes,plan_14426.csv
train,sample_02425.h5,yes,plan_14430.csv
train,sample_02426.h5,yes,plan_14434.csv
train,sample_02427.h5,yes,plan_14435.csv
train,sample_02428.h5,yes,plan_14438.csv
val,sample_00610.h5,yes,plan_14439.csv
train,sample_02429.h5,yes,plan_14440.csv
train,sample_02430.h5,yes,plan_14443.csv
val,sample_00611.h5,yes,plan_14444.csv
train,sample_02431.h5,yes,plan_14446.csv
train,sample_02432.h5,yes,plan_14447.csv
train,sample_02433.h5,yes,plan_14449.csv
train,sample_02434.h5,yes,plan_14451.csv
train,sample_02435.h5,yes,plan_14457.csv
train,sample_02436.h5,yes,plan_14458.csv
train,sample_02437.h5,yes,plan_14460.csv
train,sample_02438.h5,yes,plan_14465.csv
train,sample_02439.h5,yes,plan_14467.csv
train,sample_02440.h5,yes,plan_14475.csv
val,sample_00612.h5,yes,plan_14476.csv
val,sample_00613.h5,yes,plan_14482.csv
train,sample_02441.h5,yes,plan_14484.csv
val,sample_00614.h5,yes,plan_14502.csv
train,sample_02442.h5,yes,plan_14510.csv
train,sample_02443.h5,yes,plan_14513.csv
train,sample_02444.h5,yes,plan_14515.csv
train,sample_02445.h5,yes,plan_14517.csv
train,sample_02446.h5,yes,plan_14521.csv
train,sample_02447.h5,yes,plan_14534.csv
train,sample_02448.h5,yes,plan_14538.csv
train,sample_02449.h5,yes,plan_14555.csv
train,sample_02450.h5,yes,plan_14556.csv
train,sample_02451.h5,yes,plan_14558.csv
train,sample_02452.h5,yes,plan_14579.csv
train,sample_02453.h5,yes,plan_14583.csv
val,sample_00615.h5,yes,plan_14584.csv
val,sample_00616.h5,yes,plan_14586.csv
train,sample_02454.h5,yes,plan_14588.csv
train,sample_02455.h5,yes,plan_14592.csv
val,sample_00617.h5,yes,plan_14595.csv
val,sample_00618.h5,yes,plan_14605.csv
train,sample_02456.h5,yes,plan_14606.csv
train,sample_02457.h5,yes,plan_14612.csv
train,sample_02458.h5,yes,plan_14628.csv
train,sample_02459.h5,yes,plan_14642.csv
train,sample_02460.h5,yes,plan_14650.csv
train,sample_02461.h5,yes,plan_14653.csv
train,sample_02462.h5,yes,plan_14663.csv
train,sample_02463.h5,yes,plan_14664.csv
val,sample_00619.h5,yes,plan_14675.csv
train,sample_02464.h5,yes,plan_14678.csv
train,sample_02465.h5,yes,plan_14689.csv
train,sample_02466.h5,yes,plan_14690.csv
val,sample_00620.h5,yes,plan_14693.csv
train,sample_02467.h5,yes,plan_14696.csv
train,sample_02468.h5,yes,plan_14711.csv
val,sample_00621.h5,yes,plan_14718.csv
val,sample_00622.h5,yes,plan_14720.csv
train,sample_02469.h5,yes,plan_14721.csv
train,sample_02470.h5,yes,plan_14724.csv
train,sample_02471.h5,yes,plan_14725.csv
train,sample_02472.h5,yes,plan_14729.csv
train,sample_02473.h5,yes,plan_14735.csv
train,sample_02474.h5,yes,plan_14741.csv
train,sample_02475.h5,yes,plan_14747.csv
train,sample_02476.h5,yes,plan_14752.csv
train,sample_02477.h5,yes,plan_14754.csv
train,sample_02478.h5,yes,plan_14756.csv
train,sample_02479.h5,yes,plan_14760.csv
train,sample_02480.h5,yes,plan_14761.csv
train,sample_02481.h5,yes,plan_14762.csv
train,sample_02482.h5,yes,plan_14765.csv
val,sample_00623.h5,yes,plan_14771.csv
train,sample_02483.h5,yes,plan_14778.csv
train,sample_02484.h5,yes,plan_14779.csv
train,sample_02485.h5,yes,plan_14786.csv
train,sample_02486.h5,yes,plan_14794.csv
train,sample_02487.h5,yes,plan_14795.csv
train,sample_02488.h5,yes,plan_14799.csv
train,sample_02489.h5,yes,plan_14803.csv
train,sample_02490.h5,yes,plan_14809.csv
val,sample_00624.h5,yes,plan_14822.csv
val,sample_00625.h5,yes,plan_14826.csv
train,sample_02491.h5,yes,plan_14830.csv
train,sample_02492.h5,yes,plan_14834.csv
train,sample_02493.h5,yes,plan_14837.csv
train,sample_02494.h5,yes,plan_14839.csv
train,sample_02495.h5,yes,plan_14851.csv
train,sample_02496.h5,yes,plan_14854.csv
train,sample_02497.h5,yes,plan_14865.csv
train,sample_02498.h5,yes,plan_14868.csv
train,sample_02499.h5,yes,plan_14872.csv
val,sample_00626.h5,yes,plan_14875.csv
train,sample_02500.h5,yes,plan_14879.csv
train,sample_02501.h5,yes,plan_14882.csv
train,sample_02502.h5,yes,plan_14883.csv
train,sample_02503.h5,yes,plan_14892.csv
train,sample_02504.h5,yes,plan_14900.csv
val,sample_00627.h5,yes,plan_14901.csv
train,sample_02505.h5,yes,plan_14905.csv
train,sample_02506.h5,yes,plan_14907.csv
train,sample_02507.h5,yes,plan_14908.csv
train,sample_02508.h5,yes,plan_14916.csv
val,sample_00628.h5,yes,plan_14928.csv
train,sample_02509.h5,yes,plan_14929.csv
val,sample_00629.h5,yes,plan_14931.csv
train,sample_02510.h5,yes,plan_14934.csv
val,sample_00630.h5,yes,plan_14935.csv
train,sample_02511.h5,yes,plan_14940.csv
train,sample_02512.h5,yes,plan_14944.csv
train,sample_02513.h5,yes,plan_14945.csv
train,sample_02514.h5,yes,plan_14948.csv
train,sample_02515.h5,yes,plan_14949.csv
train,sample_02516.h5,yes,plan_14952.csv
train,sample_02517.h5,yes,plan_14953.csv
train,sample_02518.h5,yes,plan_14957.csv
train,sample_02519.h5,yes,plan_14959.csv
train,sample_02520.h5,yes,plan_14960.csv
train,sample_02521.h5,yes,plan_14970.csv
train,sample_02522.h5,yes,plan_14972.csv
train,sample_02523.h5,yes,plan_14974.csv
train,sample_02524.h5,yes,plan_14976.csv
train,sample_02525.h5,yes,plan_14978.csv
val,sample_00631.h5,yes,plan_14979.csv
train,sample_02526.h5,yes,plan_14981.csv
train,sample_02527.h5,yes,plan_14984.csv
train,sample_02528.h5,yes,plan_14986.csv
train,sample_02529.h5,yes,plan_14987.csv
train,sample_02530.h5,yes,plan_14988.csv
train,sample_02531.h5,yes,plan_14997.csv
train,sample_02532.h5,yes,plan_14998.csv
train,sample_02533.h5,yes,plan_15000.csv
train,sample_02534.h5,yes,plan_15003.csv
train,sample_02535.h5,yes,plan_15013.csv
val,sample_00632.h5,yes,plan_15014.csv
val,sample_00633.h5,yes,plan_15015.csv
train,sample_02536.h5,yes,plan_15023.csv
train,sample_02537.h5,yes,plan_15032.csv
train,sample_02538.h5,yes,plan_15042.csv
train,sample_02539.h5,yes,plan_15048.csv
train,sample_02540.h5,yes,plan_15059.csv
train,sample_02541.h5,yes,plan_15067.csv
val,sample_00634.h5,yes,plan_15072.csv
train,sample_02542.h5,yes,plan_15074.csv
train,sample_02543.h5,yes,plan_15078.csv
train,sample_02544.h5,yes,plan_15089.csv
train,sample_02545.h5,yes,plan_15096.csv
train,sample_02546.h5,yes,plan_15101.csv
train,sample_02547.h5,yes,plan_15105.csv
train,sample_02548.h5,yes,plan_15106.csv
val,sample_00635.h5,yes,plan_15111.csv
val,sample_00636.h5,yes,plan_15114.csv
train,sample_02549.h5,yes,plan_15115.csv
train,sample_02550.h5,yes,plan_15119.csv
train,sample_02551.h5,yes,plan_15128.csv
train,sample_02552.h5,yes,plan_15134.csv
val,sample_00637.h5,yes,plan_15140.csv
train,sample_02553.h5,yes,plan_15141.csv
train,sample_02554.h5,yes,plan_15146.csv
train,sample_02555.h5,yes,plan_15148.csv
val,sample_00638.h5,yes,plan_15149.csv
train,sample_02556.h5,yes,plan_15152.csv
train,sample_02557.h5,yes,plan_15155.csv
train,sample_02558.h5,yes,plan_15161.csv
train,sample_02559.h5,yes,plan_15162.csv
train,sample_02560.h5,yes,plan_15177.csv
val,sample_00639.h5,yes,plan_15180.csv
train,sample_02561.h5,yes,plan_15182.csv
train,sample_02562.h5,yes,plan_15183.csv
val,sample_00640.h5,yes,plan_15189.csv
train,sample_02563.h5,yes,plan_15190.csv
train,sample_02564.h5,yes,plan_15198.csv
train,sample_02565.h5,yes,plan_15201.csv
train,sample_02566.h5,yes,plan_15202.csv
train,sample_02567.h5,yes,plan_15207.csv
train,sample_02568.h5,yes,plan_15229.csv
train,sample_02569.h5,yes,plan_15231.csv
train,sample_02570.h5,yes,plan_15236.csv
train,sample_02571.h5,yes,plan_15243.csv
train,sample_02572.h5,yes,plan_15246.csv
train,sample_02573.h5,yes,plan_15253.csv
train,sample_02574.h5,yes,plan_15256.csv
train,sample_02575.h5,yes,plan_15257.csv
train,sample_02576.h5,yes,plan_15261.csv
train,sample_02577.h5,yes,plan_15266.csv
train,sample_02578.h5,yes,plan_15275.csv
train,sample_02579.h5,yes,plan_15293.csv
train,sample_02580.h5,yes,plan_15294.csv
train,sample_02581.h5,yes,plan_15295.csv
train,sample_02582.h5,yes,plan_15297.csv
train,sample_02583.h5,yes,plan_15308.csv
val,sample_00641.h5,yes,plan_15312.csv
train,sample_02584.h5,yes,plan_15313.csv
train,sample_02585.h5,yes,plan_15317.csv
train,sample_02586.h5,yes,plan_15322.csv
train,sample_02587.h5,yes,plan_15323.csv
train,sample_02588.h5,yes,plan_15329.csv
val,sample_00642.h5,yes,plan_15333.csv
train,sample_02589.h5,yes,plan_15335.csv
train,sample_02590.h5,yes,plan_15342.csv
train,sample_02591.h5,yes,plan_15343.csv
train,sample_02592.h5,yes,plan_15349.csv
train,sample_02593.h5,yes,plan_15355.csv
train,sample_02594.h5,yes,plan_15362.csv
train,sample_02595.h5,yes,plan_15378.csv
train,sample_02596.h5,yes,plan_15382.csv
train,sample_02597.h5,yes,plan_15391.csv
train,sample_02598.h5,yes,plan_15392.csv
val,sample_00643.h5,yes,plan_15399.csv
train,sample_02599.h5,yes,plan_15401.csv
train,sample_02600.h5,yes,plan_15404.csv
val,sample_00644.h5,yes,plan_15412.csv
val,sample_00645.h5,yes,plan_15415.csv
train,sample_02601.h5,yes,plan_15429.csv
train,sample_02602.h5,yes,plan_15431.csv
val,sample_00646.h5,yes,plan_15432.csv
train,sample_02603.h5,yes,plan_15434.csv
val,sample_00647.h5,yes,plan_15440.csv
train,sample_02604.h5,yes,plan_15441.csv
train,sample_02605.h5,yes,plan_15442.csv
val,sample_00648.h5,yes,plan_15444.csv
val,sample_00649.h5,yes,plan_15446.csv
train,sample_02606.h5,yes,plan_15452.csv
train,sample_02607.h5,yes,plan_15465.csv
train,sample_02608.h5,yes,plan_15468.csv
train,sample_02609.h5,yes,plan_15469.csv
train,sample_02610.h5,yes,plan_15474.csv
val,sample_00650.h5,yes,plan_15475.csv
train,sample_02611.h5,yes,plan_15487.csv
train,sample_02612.h5,yes,plan_15491.csv
train,sample_02613.h5,yes,plan_15492.csv
train,sample_02614.h5,yes,plan_15497.csv
train,sample_02615.h5,yes,plan_15509.csv
val,sample_00651.h5,yes,plan_15511.csv
train,sample_02616.h5,yes,plan_15522.csv
train,sample_02617.h5,yes,plan_15527.csv
val,sample_00652.h5,yes,plan_15530.csv
train,sample_02618.h5,yes,plan_15531.csv
train,sample_02619.h5,yes,plan_15537.csv
train,sample_02620.h5,yes,plan_15540.csv
train,sample_02621.h5,yes,plan_15551.csv
val,sample_00653.h5,yes,plan_15554.csv
train,sample_02622.h5,yes,plan_15556.csv
val,sample_00654.h5,yes,plan_15566.csv
train,sample_02623.h5,yes,plan_15579.csv
train,sample_02624.h5,yes,plan_15581.csv
train,sample_02625.h5,yes,plan_15591.csv
train,sample_02626.h5,yes,plan_15594.csv
train,sample_02627.h5,yes,plan_15601.csv
train,sample_02628.h5,yes,plan_15612.csv
val,sample_00655.h5,yes,plan_15614.csv
val,sample_00656.h5,yes,plan_15617.csv
train,sample_02629.h5,yes,plan_15623.csv
val,sample_00657.h5,yes,plan_15636.csv
train,sample_02630.h5,yes,plan_15638.csv
val,sample_00658.h5,yes,plan_15639.csv
val,sample_00659.h5,yes,plan_15641.csv
train,sample_02631.h5,yes,plan_15642.csv
train,sample_02632.h5,yes,plan_15643.csv
train,sample_02633.h5,yes,plan_15648.csv
val,sample_00660.h5,yes,plan_15660.csv
val,sample_00661.h5,yes,plan_15661.csv
val,sample_00662.h5,yes,plan_15662.csv
train,sample_02634.h5,yes,plan_15669.csv
train,sample_02635.h5,yes,plan_15678.csv
val,sample_00663.h5,yes,plan_15681.csv
train,sample_02636.h5,yes,plan_15684.csv
train,sample_02637.h5,yes,plan_15694.csv
train,sample_02638.h5,yes,plan_15699.csv
train,sample_02639.h5,yes,plan_15703.csv
train,sample_02640.h5,yes,plan_15708.csv
train,sample_02641.h5,yes,plan_15711.csv
val,sample_00664.h5,yes,plan_15719.csv
train,sample_02642.h5,yes,plan_15722.csv
train,sample_02643.h5,yes,plan_15725.csv
train,sample_02644.h5,yes,plan_15728.csv
val,sample_00665.h5,yes,plan_15739.csv
train,sample_02645.h5,yes,plan_15746.csv
train,sample_02646.h5,yes,plan_15758.csv
train,sample_02647.h5,yes,plan_15762.csv
val,sample_00666.h5,yes,plan_15775.csv
val,sample_00667.h5,yes,plan_15788.csv
train,sample_02648.h5,yes,plan_15789.csv
train,sample_02649.h5,yes,plan_15796.csv
train,sample_02650.h5,yes,plan_15799.csv
train,sample_02651.h5,yes,plan_15803.csv
val,sample_00668.h5,yes,plan_15807.csv
train,sample_02652.h5,yes,plan_15808.csv
train,sample_02653.h5,yes,plan_15817.csv
train,sample_02654.h5,yes,plan_15821.csv
val,sample_00669.h5,yes,plan_15823.csv
train,sample_02655.h5,yes,plan_15829.csv
train,sample_02656.h5,yes,plan_15830.csv
train,sample_02657.h5,yes,plan_15831.csv
train,sample_02658.h5,yes,plan_15833.csv
train,sample_02659.h5,yes,plan_15836.csv
train,sample_02660.h5,yes,plan_15841.csv
train,sample_02661.h5,yes,plan_15847.csv
train,sample_02662.h5,yes,plan_15850.csv
train,sample_02663.h5,yes,plan_15851.csv
train,sample_02664.h5,yes,plan_15856.csv
train,sample_02665.h5,yes,plan_15861.csv
train,sample_02666.h5,yes,plan_15862.csv
train,sample_02667.h5,yes,plan_15863.csv
train,sample_02668.h5,yes,plan_15873.csv
val,sample_00670.h5,yes,plan_15876.csv
train,sample_02669.h5,yes,plan_15885.csv
train,sample_02670.h5,yes,plan_15887.csv
train,sample_02671.h5,yes,plan_15888.csv
train,sample_02672.h5,yes,plan_15891.csv
train,sample_02673.h5,yes,plan_15899.csv
train,sample_02674.h5,yes,plan_15900.csv
train,sample_02675.h5,yes,plan_15901.csv
train,sample_02676.h5,yes,plan_15907.csv
train,sample_02677.h5,yes,plan_15910.csv
train,sample_02678.h5,yes,plan_15912.csv
train,sample_02679.h5,yes,plan_15913.csv
train,sample_02680.h5,yes,plan_15922.csv
val,sample_00671.h5,yes,plan_15923.csv
train,sample_02681.h5,yes,plan_15928.csv
train,sample_02682.h5,yes,plan_15934.csv
train,sample_02683.h5,yes,plan_15935.csv
train,sample_02684.h5,yes,plan_15940.csv
train,sample_02685.h5,yes,plan_15951.csv
train,sample_02686.h5,yes,plan_15955.csv
train,sample_02687.h5,yes,plan_15967.csv
train,sample_02688.h5,yes,plan_15976.csv
train,sample_02689.h5,yes,plan_15978.csv
train,sample_02690.h5,yes,plan_15985.csv
train,sample_02691.h5,yes,plan_15990.csv
train,sample_02692.h5,yes,plan_16000.csv
val,sample_00672.h5,yes,plan_16001.csv
train,sample_02693.h5,yes,plan_16005.csv
val,sample_00673.h5,yes,plan_16006.csv
train,sample_02694.h5,yes,plan_16009.csv
train,sample_02695.h5,yes,plan_16010.csv
train,sample_02696.h5,yes,plan_16015.csv
train,sample_02697.h5,yes,plan_16024.csv
train,sample_02698.h5,yes,plan_16027.csv
train,sample_02699.h5,yes,plan_16028.csv
train,sample_02700.h5,yes,plan_16029.csv
train,sample_02701.h5,yes,plan_16035.csv
train,sample_02702.h5,yes,plan_16044.csv
train,sample_02703.h5,yes,plan_16047.csv
train,sample_02704.h5,yes,plan_16048.csv
train,sample_02705.h5,yes,plan_16049.csv
train,sample_02706.h5,yes,plan_16053.csv
train,sample_02707.h5,yes,plan_16059.csv
val,sample_00674.h5,yes,plan_16063.csv
train,sample_02708.h5,yes,plan_16068.csv
train,sample_02709.h5,yes,plan_16071.csv
train,sample_02710.h5,yes,plan_16075.csv
val,sample_00675.h5,yes,plan_16077.csv
val,sample_00676.h5,yes,plan_16080.csv
train,sample_02711.h5,yes,plan_16083.csv
train,sample_02712.h5,yes,plan_16088.csv
train,sample_02713.h5,yes,plan_16090.csv
val,sample_00677.h5,yes,plan_16096.csv
train,sample_02714.h5,yes,plan_16107.csv
train,sample_02715.h5,yes,plan_16110.csv
train,sample_02716.h5,yes,plan_16114.csv
train,sample_02717.h5,yes,plan_16119.csv
train,sample_02718.h5,yes,plan_16121.csv
train,sample_02719.h5,yes,plan_16122.csv
train,sample_02720.h5,yes,plan_16125.csv
train,sample_02721.h5,yes,plan_16130.csv
val,sample_00678.h5,yes,plan_16132.csv
val,sample_00679.h5,yes,plan_16143.csv
train,sample_02722.h5,yes,plan_16146.csv
train,sample_02723.h5,yes,plan_16149.csv
train,sample_02724.h5,yes,plan_16150.csv
train,sample_02725.h5,yes,plan_16162.csv
val,sample_00680.h5,yes,plan_16165.csv
val,sample_00681.h5,yes,plan_16172.csv
train,sample_02726.h5,yes,plan_16173.csv
train,sample_02727.h5,yes,plan_16175.csv
train,sample_02728.h5,yes,plan_16176.csv
train,sample_02729.h5,yes,plan_16179.csv
train,sample_02730.h5,yes,plan_16183.csv
train,sample_02731.h5,yes,plan_16197.csv
train,sample_02732.h5,yes,plan_16200.csv
train,sample_02733.h5,yes,plan_16202.csv
train,sample_02734.h5,yes,plan_16223.csv
val,sample_00682.h5,yes,plan_16227.csv
train,sample_02735.h5,yes,plan_16231.csv
train,sample_02736.h5,yes,plan_16232.csv
train,sample_02737.h5,yes,plan_16233.csv
val,sample_00683.h5,yes,plan_16242.csv
val,sample_00684.h5,yes,plan_16245.csv
train,sample_02738.h5,yes,plan_16247.csv
val,sample_00685.h5,yes,plan_16253.csv
train,sample_02739.h5,yes,plan_16254.csv
train,sample_02740.h5,yes,plan_16255.csv
train,sample_02741.h5,yes,plan_16257.csv
train,sample_02742.h5,yes,plan_16273.csv
val,sample_00686.h5,yes,plan_16278.csv
train,sample_02743.h5,yes,plan_16283.csv
train,sample_02744.h5,yes,plan_16294.csv
val,sample_00687.h5,yes,plan_16295.csv
train,sample_02745.h5,yes,plan_16308.csv
train,sample_02746.h5,yes,plan_16319.csv
train,sample_02747.h5,yes,plan_16320.csv
train,sample_02748.h5,yes,plan_16324.csv
train,sample_02749.h5,yes,plan_16325.csv
train,sample_02750.h5,yes,plan_16326.csv
train,sample_02751.h5,yes,plan_16338.csv
val,sample_00688.h5,yes,plan_16345.csv
train,sample_02752.h5,yes,plan_16352.csv
train,sample_02753.h5,yes,plan_16353.csv
train,sample_02754.h5,yes,plan_16355.csv
val,sample_00689.h5,yes,plan_16357.csv
train,sample_02755.h5,yes,plan_16358.csv
train,sample_02756.h5,yes,plan_16364.csv
train,sample_02757.h5,yes,plan_16365.csv
train,sample_02758.h5,yes,plan_16378.csv
val,sample_00690.h5,yes,plan_16380.csv
train,sample_02759.h5,yes,plan_16382.csv
train,sample_02760.h5,yes,plan_16387.csv
train,sample_02761.h5,yes,plan_16389.csv
train,sample_02762.h5,yes,plan_16391.csv
train,sample_02763.h5,yes,plan_16393.csv
train,sample_02764.h5,yes,plan_16397.csv
val,sample_00691.h5,yes,plan_16400.csv
val,sample_00692.h5,yes,plan_16401.csv
train,sample_02765.h5,yes,plan_16402.csv
train,sample_02766.h5,yes,plan_16411.csv
train,sample_02767.h5,yes,plan_16417.csv
train,sample_02768.h5,yes,plan_16419.csv
train,sample_02769.h5,yes,plan_16429.csv
val,sample_00693.h5,yes,plan_16430.csv
train,sample_02770.h5,yes,plan_16442.csv
train,sample_02771.h5,yes,plan_16446.csv
train,sample_02772.h5,yes,plan_16455.csv
val,sample_00694.h5,yes,plan_16458.csv
train,sample_02773.h5,yes,plan_16461.csv
train,sample_02774.h5,yes,plan_16466.csv
train,sample_02775.h5,yes,plan_16467.csv
train,sample_02776.h5,yes,plan_16469.csv
val,sample_00695.h5,yes,plan_16471.csv
train,sample_02777.h5,yes,plan_16476.csv
train,sample_02778.h5,yes,plan_16477.csv
train,sample_02779.h5,yes,plan_16485.csv
train,sample_02780.h5,yes,plan_16486.csv
train,sample_02781.h5,yes,plan_16489.csv
train,sample_02782.h5,yes,plan_16493.csv
train,sample_02783.h5,yes,plan_16498.csv
train,sample_02784.h5,yes,plan_16500.csv
val,sample_00696.h5,yes,plan_16501.csv
val,sample_00697.h5,yes,plan_16508.csv
val,sample_00698.h5,yes,plan_16514.csv
train,sample_02785.h5,yes,plan_16519.csv
train,sample_02786.h5,yes,plan_16521.csv
train,sample_02787.h5,yes,plan_16527.csv
train,sample_02788.h5,yes,plan_16528.csv
train,sample_02789.h5,yes,plan_16530.csv
train,sample_02790.h5,yes,plan_16532.csv
val,sample_00699.h5,yes,plan_16533.csv
train,sample_02791.h5,yes,plan_16537.csv
val,sample_00700.h5,yes,plan_16543.csv
train,sample_02792.h5,yes,plan_16545.csv
train,sample_02793.h5,yes,plan_16546.csv
train,sample_02794.h5,yes,plan_16565.csv
train,sample_02795.h5,yes,plan_16570.csv
train,sample_02796.h5,yes,plan_16579.csv
val,sample_00701.h5,yes,plan_16596.csv
val,sample_00702.h5,yes,plan_16605.csv
train,sample_02797.h5,yes,plan_16610.csv
train,sample_02798.h5,yes,plan_16617.csv
train,sample_02799.h5,yes,plan_16618.csv
train,sample_02800.h5,yes,plan_16632.csv
train,sample_02801.h5,yes,plan_16641.csv
val,sample_00703.h5,yes,plan_16644.csv
train,sample_02802.h5,yes,plan_16648.csv
train,sample_02803.h5,yes,plan_16654.csv
train,sample_02804.h5,yes,plan_16661.csv
train,sample_02805.h5,yes,plan_16663.csv
val,sample_00704.h5,yes,plan_16665.csv
val,sample_00705.h5,yes,plan_16670.csv
train,sample_02806.h5,yes,plan_16676.csv
train,sample_02807.h5,yes,plan_16680.csv
train,sample_02808.h5,yes,plan_16684.csv
train,sample_02809.h5,yes,plan_16687.csv
val,sample_00706.h5,yes,plan_16689.csv
train,sample_02810.h5,yes,plan_16690.csv
train,sample_02811.h5,yes,plan_16693.csv
train,sample_02812.h5,yes,plan_16700.csv
train,sample_02813.h5,yes,plan_16705.csv
train,sample_02814.h5,yes,plan_16711.csv
val,sample_00707.h5,yes,plan_16713.csv
train,sample_02815.h5,yes,plan_16720.csv
val,sample_00708.h5,yes,plan_16721.csv
train,sample_02816.h5,yes,plan_16728.csv
train,sample_02817.h5,yes,plan_16734.csv
train,sample_02818.h5,yes,plan_16742.csv
train,sample_02819.h5,yes,plan_16744.csv
train,sample_02820.h5,yes,plan_16749.csv
train,sample_02821.h5,yes,plan_16750.csv
train,sample_02822.h5,yes,plan_16754.csv
train,sample_02823.h5,yes,plan_16757.csv
train,sample_02824.h5,yes,plan_16758.csv
train,sample_02825.h5,yes,plan_16762.csv
train,sample_02826.h5,yes,plan_16763.csv
train,sample_02827.h5,yes,plan_16768.csv
train,sample_02828.h5,yes,plan_16775.csv
train,sample_02829.h5,yes,plan_16779.csv
train,sample_02830.h5,yes,plan_16780.csv
train,sample_02831.h5,yes,plan_16788.csv
train,sample_02832.h5,yes,plan_16801.csv
val,sample_00709.h5,yes,plan_16804.csv
train,sample_02833.h5,yes,plan_16807.csv
val,sample_00710.h5,yes,plan_16810.csv
val,sample_00711.h5,yes,plan_16813.csv
train,sample_02834.h5,yes,plan_16818.csv
train,sample_02835.h5,yes,plan_16822.csv
train,sample_02836.h5,yes,plan_16823.csv
train,sample_02837.h5,yes,plan_16827.csv
val,sample_00712.h5,yes,plan_16840.csv
train,sample_02838.h5,yes,plan_16845.csv
train,sample_02839.h5,yes,plan_16849.csv
train,sample_02840.h5,yes,plan_16853.csv
train,sample_02841.h5,yes,plan_16854.csv
train,sample_02842.h5,yes,plan_16861.csv
train,sample_02843.h5,yes,plan_16875.csv
train,sample_02844.h5,yes,plan_16876.csv
train,sample_02845.h5,yes,plan_16884.csv
train,sample_02846.h5,yes,plan_16888.csv
train,sample_02847.h5,yes,plan_16892.csv
train,sample_02848.h5,yes,plan_16894.csv
train,sample_02849.h5,yes,plan_16901.csv
train,sample_02850.h5,yes,plan_16908.csv
train,sample_02851.h5,yes,plan_16931.csv
train,sample_02852.h5,yes,plan_16935.csv
val,sample_00713.h5,yes,plan_16937.csv
train,sample_02853.h5,yes,plan_16938.csv
train,sample_02854.h5,yes,plan_16944.csv
train,sample_02855.h5,yes,plan_16945.csv
train,sample_02856.h5,yes,plan_16962.csv
train,sample_02857.h5,yes,plan_16967.csv
train,sample_02858.h5,yes,plan_16968.csv
train,sample_02859.h5,yes,plan_16970.csv
train,sample_02860.h5,yes,plan_16972.csv
train,sample_02861.h5,yes,plan_16973.csv
train,sample_02862.h5,yes,plan_16975.csv
train,sample_02863.h5,yes,plan_16976.csv
train,sample_02864.h5,yes,plan_16979.csv
train,sample_02865.h5,yes,plan_16980.csv
val,sample_00714.h5,yes,plan_16983.csv
train,sample_02866.h5,yes,plan_16984.csv
val,sample_00715.h5,yes,plan_16986.csv
val,sample_00716.h5,yes,plan_16988.csv
train,sample_02867.h5,yes,plan_16992.csv
